waktu,gain,power,gain(dBW),power (dBW),gain (numerik),power (numerik),sum gain (numerik),sum power (numerik),sum gain (dB),sum power (dB)
35:22.0,14.828125,-38.07333333,14.828125,-68.07333333,30.39572453,1.55836E-07,10483.17196,8.68712E-07,,
35:22.0,10.09375,-41.06142857,10.09375,-71.06142857,10.21821414,7.83172E-08,,,,
35:15.0,9.53125,-43.51764706,9.53125,-73.51764706,8.976871324,4.44872E-08,,,,
35:15.0,8.015625,-48.47272727,8.015625,-78.47272727,6.332314845,1.42144E-08,,,,
35:15.0,8.5,-47.59307692,8.5,-77.59307692,7.079457844,1.74057E-08,,,,
35:15.0,9.46875,-44.53846154,9.46875,-74.53846154,8.848608897,3.51685E-08,,,,
35:15.0,9.5,-45.77,9.5,-75.77,8.912509381,2.6485E-08,,,,
35:15.0,9.734375,-41.86769231,9.734375,-71.86769231,9.406704469,6.50475E-08,,,,
35:15.0,9.359375,-37.92,9.359375,-67.92,8.628543641,1.61436E-07,,,,
35:15.0,11.484375,-41.26428571,11.484375,-71.26428571,14.07464663,7.47432E-08,,,,
35:15.0,9.6875,-37.74,9.6875,-67.74,9.305720409,1.68267E-07,,,,
35:08.0,-41.828125,-68.8925,-41.828125,-98.8925,6.56429E-05,1.29048E-10,,,,
35:08.0,-42.984375,-70.02105263,-42.984375,-100.0210526,5.02994E-05,9.95164E-11,,,,
35:08.0,-43.1875,-70.25555556,-43.1875,-100.2555556,4.8001E-05,9.42854E-11,,,,
35:08.0,-42.421875,-69.50454545,-42.421875,-99.50454545,5.72549E-05,1.12084E-10,,,,
35:08.0,-44.34375,-71.43142857,-44.34375,-101.4314286,3.67811E-05,7.19212E-11,,,,
35:08.0,-40.75,-67.86875,-40.75,-97.86875,8.41395E-05,1.63352E-10,,,,
35:08.0,-40.65625,-67.75,-40.65625,-97.75,8.59756E-05,1.6788E-10,,,,
35:08.0,11.609375,-49.2,11.609375,-79.2,14.48563374,1.20226E-08,,,,
35:08.0,10.296875,-48.58571429,10.296875,-78.58571429,10.70748562,1.38493E-08,,,,
27:47.0,15.125,-38.06666667,15.125,-68.06666667,32.54617835,1.56075E-07,,,,
27:47.0,10.375,-41.06785714,10.375,-71.06785714,10.90184492,7.82014E-08,,,,
27:40.0,9.765625,-43.56470588,9.765625,-73.56470588,9.474635257,4.40078E-08,,,,
27:40.0,7.890625,-48.42272727,7.890625,-78.42272727,6.152654101,1.4379E-08,,,,
27:40.0,8.390625,-47.55846154,8.390625,-77.55846154,6.903391445,1.7545E-08,,,,
27:40.0,9.75,-44.53076923,9.75,-74.53076923,9.440608763,3.52308E-08,,,,
27:40.0,9.375,-45.74,9.375,-75.74,8.659643234,2.66686E-08,,,,
27:40.0,9.875,-41.85076923,9.875,-71.85076923,9.716279516,6.53015E-08,,,,
27:40.0,9.234375,-37.92666667,9.234375,-67.92666667,8.383734183,1.61188E-07,,,,
27:40.0,11.5625,-41.26428571,11.5625,-71.26428571,14.3301257,7.47432E-08,,,,
27:40.0,10.34375,-37.758,10.34375,-67.758,10.8236814,1.67571E-07,,,,
27:33.0,-41.828125,-68.8925,-41.828125,-98.8925,6.56429E-05,1.29048E-10,,,,
27:33.0,-42.984375,-70.02105263,-42.984375,-100.0210526,5.02994E-05,9.95164E-11,,,,
27:33.0,-43.1875,-70.25555556,-43.1875,-100.2555556,4.8001E-05,9.42854E-11,,,,
27:33.0,-42.421875,-69.50454545,-42.421875,-99.50454545,5.72549E-05,1.12084E-10,,,,
27:33.0,-44.34375,-71.43142857,-44.34375,-101.4314286,3.67811E-05,7.19212E-11,,,,
27:33.0,-40.75,-67.86875,-40.75,-97.86875,8.41395E-05,1.63352E-10,,,,
27:33.0,-40.65625,-67.75,-40.65625,-97.75,8.59756E-05,1.6788E-10,,,,
27:33.0,11.328125,-49.17894737,11.328125,-79.17894737,13.57727142,1.20811E-08,,,,
27:33.0,10.03125,-48.57142857,10.03125,-78.57142857,10.07221529,1.3895E-08,,,,
20:12.0,15.1875,-38.06666667,15.1875,-68.06666667,33.01794198,1.56075E-07,,,,
20:12.0,9.609375,-41.055,9.609375,-71.055,9.139816995,7.84332E-08,,,,
20:05.0,9.40625,-43.52352941,9.40625,-73.52352941,8.722179097,4.4427E-08,,,,
20:05.0,7.734375,-48.40909091,7.734375,-78.40909091,5.935229272,1.44242E-08,,,,
20:05.0,8.25,-47.58615385,8.25,-77.58615385,6.683439176,1.74335E-08,,,,
20:05.0,9.3125,-44.52307692,9.3125,-74.52307692,8.535913393,3.52933E-08,,,,
20:05.0,9.1875,-45.795,9.1875,-75.795,8.293732045,2.6333E-08,,,,
20:05.0,9.34375,-41.86769231,9.34375,-71.86769231,8.597555737,6.50475E-08,,,,
20:05.0,9,-37.9,9,-67.9,7.943282347,1.62181E-07,,,,
20:05.0,11.203125,-41.24285714,11.203125,-71.24285714,13.19205642,7.51129E-08,,,,
20:05.0,9.78125,-37.758,9.78125,-67.758,9.508784391,1.67571E-07,,,,
19:58.0,-41.828125,-68.8925,-41.828125,-98.8925,6.56429E-05,1.29048E-10,,,,
19:58.0,-42.984375,-70.02105263,-42.984375,-100.0210526,5.02994E-05,9.95164E-11,,,,
19:58.0,-43.1875,-70.25555556,-43.1875,-100.2555556,4.8001E-05,9.42854E-11,,,,
19:58.0,-42.421875,-69.50454545,-42.421875,-99.50454545,5.72549E-05,1.12084E-10,,,,
19:58.0,-44.34375,-71.43142857,-44.34375,-101.4314286,3.67811E-05,7.19212E-11,,,,
19:58.0,-40.75,-67.86875,-40.75,-97.86875,8.41395E-05,1.63352E-10,,,,
19:58.0,-40.65625,-67.75,-40.65625,-97.75,8.59756E-05,1.6788E-10,,,,
19:58.0,11.1875,-49.15263158,11.1875,-79.15263158,13.14467946,1.21545E-08,,,,
19:58.0,9.9375,-48.52857143,9.9375,-78.52857143,9.857119009,1.40328E-08,,,,
12:37.0,15.5625,-38.04666667,15.5625,-68.04666667,35.99564831,1.56795E-07,,,,
12:37.0,9.828125,-41.04214286,9.828125,-71.04214286,9.611972066,7.86658E-08,,,,
12:30.0,9.3125,-43.54705882,9.3125,-73.54705882,8.535913393,4.4187E-08,,,,
12:30.0,8.8125,-48.45,8.8125,-78.45,7.607640819,1.42889E-08,,,,
12:30.0,9.25,-47.62307692,9.25,-77.62307692,8.413951416,1.72859E-08,,,,
12:30.0,9.09375,-44.52307692,9.09375,-74.52307692,8.116616003,3.52933E-08,,,,
12:30.0,10.296875,-45.74,10.296875,-75.74,10.70748562,2.66686E-08,,,,
12:30.0,9.21875,-41.85923077,9.21875,-71.85923077,8.35362547,6.51744E-08,,,,
12:30.0,8.90625,-37.91333333,8.90625,-67.91333333,7.773650302,1.61684E-07,,,,
12:30.0,11.65625,-41.25,11.65625,-71.25,14.64282931,7.49894E-08,,,,
12:30.0,9.6875,-37.746,9.6875,-67.746,9.305720409,1.68035E-07,,,,
12:23.0,-41.828125,-68.8925,-41.828125,-98.8925,6.56429E-05,1.29048E-10,,,,
12:23.0,-42.984375,-70.02105263,-42.984375,-100.0210526,5.02994E-05,9.95164E-11,,,,
12:23.0,-43.1875,-70.25555556,-43.1875,-100.2555556,4.8001E-05,9.42854E-11,,,,
12:23.0,-42.421875,-69.50454545,-42.421875,-99.50454545,5.72549E-05,1.12084E-10,,,,
12:23.0,-44.34375,-71.43142857,-44.34375,-101.4314286,3.67811E-05,7.19212E-11,,,,
12:23.0,-40.75,-67.86875,-40.75,-97.86875,8.41395E-05,1.63352E-10,,,,
12:23.0,-40.65625,-67.75,-40.65625,-97.75,8.59756E-05,1.6788E-10,,,,
12:23.0,12.46875,-49.15263158,12.46875,-79.15263158,17.65529587,1.21545E-08,,,,
12:23.0,11.140625,-48.5952381,11.140625,-78.5952381,13.00356701,1.3819E-08,,,,
05:02.0,15.734375,-38.06,15.734375,-68.06,37.44876501,1.56315E-07,,,,
05:02.0,10.09375,-41.03571429,10.09375,-71.03571429,10.21821414,7.87823E-08,,,,
04:55.0,9,-43.54705882,9,-73.54705882,7.943282347,4.4187E-08,,,,
04:55.0,7.75,-48.44545455,7.75,-78.44545455,5.956621435,1.43039E-08,,,,
04:55.0,8.296875,-47.56538462,8.296875,-77.56538462,6.755966696,1.75171E-08,,,,
04:55.0,8.953125,-44.52307692,8.953125,-74.52307692,7.858008604,3.52933E-08,,,,
04:55.0,9.203125,-45.78,9.203125,-75.78,8.323624886,2.64241E-08,,,,
04:55.0,9.09375,-41.88461538,9.09375,-71.88461538,8.116616003,6.47945E-08,,,,
04:55.0,8.984375,-37.92666667,8.984375,-67.92666667,7.914755439,1.61188E-07,,,,
04:55.0,11.125,-41.25,11.125,-71.25,12.95686698,7.49894E-08,,,,
04:55.0,10.046875,-37.764,10.046875,-67.764,10.10851826,1.6734E-07,,,,
04:48.0,-41.828125,-68.8925,-41.828125,-98.8925,6.56429E-05,1.29048E-10,,,,
04:48.0,-42.984375,-70.02105263,-42.984375,-100.0210526,5.02994E-05,9.95164E-11,,,,
04:48.0,-43.1875,-70.25555556,-43.1875,-100.2555556,4.8001E-05,9.42854E-11,,,,
04:48.0,-42.421875,-69.50454545,-42.421875,-99.50454545,5.72549E-05,1.12084E-10,,,,
04:48.0,-44.34375,-71.43142857,-44.34375,-101.4314286,3.67811E-05,7.19212E-11,,,,
04:48.0,-40.75,-67.86875,-40.75,-97.86875,8.41395E-05,1.63352E-10,,,,
04:48.0,-40.65625,-67.75,-40.65625,-97.75,8.59756E-05,1.6788E-10,,,,
04:48.0,11.3125,-49.19473684,11.3125,-79.19473684,13.52851103,1.20372E-08,,,,
04:48.0,10.0625,-48.56190476,10.0625,-78.56190476,10.14495208,1.39255E-08,,,,
57:27.0,16.015625,-38.06666667,16.015625,-68.06666667,39.95420559,1.56075E-07,,,,
57:27.0,10,-41.03571429,10,-71.03571429,10,7.87823E-08,,,,
57:20.0,8.875,-43.55294118,8.875,-73.55294118,7.717915156,4.41272E-08,,,,
57:20.0,7.84375,-48.40909091,7.84375,-78.40909091,6.08660334,1.44242E-08,,,,
57:20.0,8.375,-47.59307692,8.375,-77.59307692,6.878599123,1.74057E-08,,,,
57:20.0,8.796875,-44.54615385,8.796875,-74.54615385,7.580319309,3.51063E-08,,,,
57:20.0,9.296875,-45.785,9.296875,-75.785,8.505258154,2.63937E-08,,,,
57:20.0,9.390625,-41.85923077,9.390625,-71.85923077,8.690854917,6.51744E-08,,,,
57:20.0,9.078125,-37.93333333,9.078125,-67.93333333,8.087466598,1.60941E-07,,,,
57:20.0,11.359375,-41.25,11.359375,-71.25,13.67532008,7.49894E-08,,,,
57:20.0,10.53125,-37.752,10.53125,-67.752,11.30121143,1.67803E-07,,,,
57:13.0,-41.828125,-68.8925,-41.828125,-98.8925,6.56429E-05,1.29048E-10,,,,
57:13.0,-42.984375,-70.02105263,-42.984375,-100.0210526,5.02994E-05,9.95164E-11,,,,
57:13.0,-43.1875,-70.25555556,-43.1875,-100.2555556,4.8001E-05,9.42854E-11,,,,
57:13.0,-42.421875,-69.50454545,-42.421875,-99.50454545,5.72549E-05,1.12084E-10,,,,
57:13.0,-44.34375,-71.43142857,-44.34375,-101.4314286,3.67811E-05,7.19212E-11,,,,
57:13.0,-40.75,-67.86875,-40.75,-97.86875,8.41395E-05,1.63352E-10,,,,
57:13.0,-40.65625,-67.75,-40.65625,-97.75,8.59756E-05,1.6788E-10,,,,
57:13.0,11.421875,-49.13684211,11.421875,-79.13684211,13.87354669,1.21988E-08,,,,
57:13.0,10.09375,-48.54761905,10.09375,-78.54761905,10.21821414,1.39713E-08,,,,
49:52.0,15.546875,-38.06666667,15.546875,-68.06666667,35.86637624,1.56075E-07,,,,
49:52.0,10.265625,-41.06785714,10.265625,-71.06785714,10.63071561,7.82014E-08,,,,
49:45.0,8.953125,-43.53529412,8.953125,-73.53529412,7.858008604,4.43068E-08,,,,
49:45.0,7.609375,-48.47727273,7.609375,-78.47727273,5.76683466,1.41995E-08,,,,
49:45.0,8.09375,-47.61538462,8.09375,-77.61538462,6.447257262,1.73166E-08,,,,
49:45.0,8.875,-44.5,8.875,-74.5,7.717915156,3.54813E-08,,,,
49:45.0,9.03125,-45.735,9.03125,-75.735,8.000644989,2.66993E-08,,,,
49:45.0,9.640625,-41.88461538,9.640625,-71.88461538,9.205820446,6.47945E-08,,,,
49:45.0,9.1875,-37.92666667,9.1875,-67.92666667,8.293732045,1.61188E-07,,,,
49:45.0,11.390625,-41.25714286,11.390625,-71.25714286,13.7740768,7.48662E-08,,,,
49:45.0,10.359375,-37.746,10.359375,-67.746,10.86269286,1.68035E-07,,,,
49:38.0,-41.828125,-68.8925,-41.828125,-98.8925,6.56429E-05,1.29048E-10,,,,
49:38.0,-42.984375,-70.02105263,-42.984375,-100.0210526,5.02994E-05,9.95164E-11,,,,
49:38.0,-43.1875,-70.25555556,-43.1875,-100.2555556,4.8001E-05,9.42854E-11,,,,
49:38.0,-42.421875,-69.50454545,-42.421875,-99.50454545,5.72549E-05,1.12084E-10,,,,
49:38.0,-44.34375,-71.43142857,-44.34375,-101.4314286,3.67811E-05,7.19212E-11,,,,
49:38.0,-40.75,-67.86875,-40.75,-97.86875,8.41395E-05,1.63352E-10,,,,
49:38.0,-40.65625,-67.75,-40.65625,-97.75,8.59756E-05,1.6788E-10,,,,
49:38.0,11.203125,-49.14736842,11.203125,-79.14736842,13.19205642,1.21692E-08,,,,
49:38.0,9.9375,-48.55238095,9.9375,-78.55238095,9.857119009,1.3956E-08,,,,
42:17.0,15.765625,-38.08,15.765625,-68.08,37.71920234,1.55597E-07,,,,
42:17.0,9.9375,-41.04214286,9.9375,-71.04214286,9.857119009,7.86658E-08,,,,
42:10.0,8.765625,-43.55294118,8.765625,-73.55294118,7.525970298,4.41272E-08,,,,
42:10.0,7.859375,-48.41818182,7.859375,-78.41818182,6.108541096,1.4394E-08,,,,
42:10.0,8.4375,-47.6,8.4375,-77.6,6.978305849,1.7378E-08,,,,
42:10.0,8.703125,-44.50769231,8.703125,-74.50769231,7.418438489,3.54185E-08,,,,
42:10.0,9.34375,-45.74,9.34375,-75.74,8.597555737,2.66686E-08,,,,
42:10.0,9.609375,-41.87615385,9.609375,-71.87615385,9.139816995,6.49209E-08,,,,
42:10.0,9.296875,-37.92,9.296875,-67.92,8.505258154,1.61436E-07,,,,
42:10.0,11.375,-41.26428571,11.375,-71.26428571,13.72460961,7.47432E-08,,,,
42:10.0,10.640625,-37.752,10.640625,-67.752,11.5894413,1.67803E-07,,,,
42:03.0,-41.828125,-68.8925,-41.828125,-98.8925,6.56429E-05,1.29048E-10,,,,
42:03.0,-42.984375,-70.02105263,-42.984375,-100.0210526,5.02994E-05,9.95164E-11,,,,
42:03.0,-43.1875,-70.25555556,-43.1875,-100.2555556,4.8001E-05,9.42854E-11,,,,
42:03.0,-42.421875,-69.50454545,-42.421875,-99.50454545,5.72549E-05,1.12084E-10,,,,
42:03.0,-44.34375,-71.43142857,-44.34375,-101.4314286,3.67811E-05,7.19212E-11,,,,
42:03.0,-40.75,-67.86875,-40.75,-97.86875,8.41395E-05,1.63352E-10,,,,
42:03.0,-40.65625,-67.75,-40.65625,-97.75,8.59756E-05,1.6788E-10,,,,
42:03.0,11.375,-49.14210526,11.375,-79.14210526,13.72460961,1.2184E-08,,,,
42:03.0,10.0625,-48.54761905,10.0625,-78.54761905,10.14495208,1.39713E-08,,,,
34:42.0,15.875,-38.07333333,15.875,-68.07333333,38.68120546,1.55836E-07,,,,
34:42.0,10.1875,-41.04857143,10.1875,-71.04857143,10.44119003,7.85494E-08,,,,
34:35.0,8.578125,-43.50588235,8.578125,-73.50588235,7.207962193,4.46079E-08,,,,
34:35.0,8.984375,-48.40454545,8.984375,-78.40454545,7.914755439,1.44393E-08,,,,
34:35.0,9.53125,-47.55846154,9.53125,-77.55846154,8.976871324,1.7545E-08,,,,
34:35.0,8.5625,-44.53076923,8.5625,-74.53076923,7.182076058,3.52308E-08,,,,
34:35.0,10.484375,-45.76,10.484375,-75.76,11.17988921,2.65461E-08,,,,
34:35.0,9.28125,-41.87615385,9.28125,-71.87615385,8.474713009,6.49209E-08,,,,
34:35.0,9.171875,-37.91333333,9.171875,-67.91333333,8.263946558,1.61684E-07,,,,
34:35.0,11.390625,-41.27142857,11.390625,-71.27142857,13.7740768,7.46203E-08,,,,
34:35.0,10.140625,-37.752,10.140625,-67.752,10.32910043,1.67803E-07,,,,
34:28.0,-41.828125,-68.8925,-41.828125,-98.8925,6.56429E-05,1.29048E-10,,,,
34:28.0,-42.984375,-70.02105263,-42.984375,-100.0210526,5.02994E-05,9.95164E-11,,,,
34:28.0,-43.1875,-70.25555556,-43.1875,-100.2555556,4.8001E-05,9.42854E-11,,,,
34:28.0,-42.421875,-69.50454545,-42.421875,-99.50454545,5.72549E-05,1.12084E-10,,,,
34:28.0,-44.34375,-71.43142857,-44.34375,-101.4314286,3.67811E-05,7.19212E-11,,,,
34:28.0,-40.75,-67.86875,-40.75,-97.86875,8.41395E-05,1.63352E-10,,,,
34:28.0,-40.65625,-67.75,-40.65625,-97.75,8.59756E-05,1.6788E-10,,,,
34:28.0,12.765625,-49.16842105,12.765625,-79.16842105,18.90438268,1.21104E-08,,,,
34:28.0,11.515625,-48.57142857,11.515625,-78.57142857,14.1762871,1.3895E-08,,,,
27:07.0,16.03125,-38.06,16.03125,-68.06,40.09821129,1.56315E-07,,,,
27:07.0,10.015625,-41.055,10.015625,-71.055,10.03604269,7.84332E-08,,,,
27:00.0,8.6875,-43.54705882,8.6875,-73.54705882,7.391796466,4.4187E-08,,,,
27:00.0,10.578125,-48.38181818,10.578125,-78.38181818,11.42385021,1.4515E-08,,,,
27:00.0,11.140625,-47.6,11.140625,-77.6,13.00356701,1.7378E-08,,,,
27:00.0,8.703125,-44.48615385,8.703125,-74.48615385,7.418438489,3.55946E-08,,,,
27:00.0,12.0625,-45.775,12.0625,-75.775,16.07866549,2.64545E-08,,,,
27:00.0,9.546875,-41.85923077,9.546875,-71.85923077,9.009226384,6.51744E-08,,,,
27:00.0,9.296875,-37.90666667,9.296875,-67.90666667,8.505258154,1.61932E-07,,,,
27:00.0,11.515625,-41.24285714,11.515625,-71.24285714,14.1762871,7.51129E-08,,,,
27:00.0,10.6875,-37.77,10.6875,-67.77,11.7152079,1.67109E-07,,,,
26:53.0,-41.828125,-68.8925,-41.828125,-98.8925,6.56429E-05,1.29048E-10,,,,
26:53.0,-42.984375,-70.02105263,-42.984375,-100.0210526,5.02994E-05,9.95164E-11,,,,
26:53.0,-43.1875,-70.25555556,-43.1875,-100.2555556,4.8001E-05,9.42854E-11,,,,
26:53.0,-42.421875,-69.50454545,-42.421875,-99.50454545,5.72549E-05,1.12084E-10,,,,
26:53.0,-44.34375,-71.43142857,-44.34375,-101.4314286,3.67811E-05,7.19212E-11,,,,
26:53.0,-40.75,-67.86875,-40.75,-97.86875,8.41395E-05,1.63352E-10,,,,
26:53.0,-40.65625,-67.75,-40.65625,-97.75,8.59756E-05,1.6788E-10,,,,
26:53.0,13.21875,-49.16315789,13.21875,-79.16315789,20.98335847,1.21251E-08,,,,
26:53.0,11.96875,-48.56666667,11.96875,-78.56666667,15.73529901,1.39102E-08,,,,
19:32.0,15.859375,-38.06,15.859375,-68.06,38.54228869,1.56315E-07,,,,
19:32.0,10.328125,-41.06142857,10.328125,-71.06142857,10.78481004,7.83172E-08,,,,
19:25.0,8.78125,-43.52941176,8.78125,-73.52941176,7.55309592,4.43669E-08,,,,
19:25.0,12.796875,-48.45,12.796875,-78.45,19.04090122,1.42889E-08,,,,
19:25.0,13.3125,-47.60769231,13.3125,-77.60769231,21.44124503,1.73473E-08,,,,
19:25.0,8.734375,-44.49307692,8.734375,-74.49307692,7.472010956,3.55379E-08,,,,
19:25.0,14.28125,-45.73,14.28125,-75.73,26.79939562,2.67301E-08,,,,
19:25.0,9.96875,-41.88461538,9.96875,-71.88461538,9.928302478,6.47945E-08,,,,
19:25.0,9.453125,-37.92,9.453125,-67.92,8.816830668,1.61436E-07,,,,
19:25.0,11.046875,-41.25,11.046875,-71.25,12.72587051,7.49894E-08,,,,
19:25.0,11.71875,-37.758,11.71875,-67.758,14.85508017,1.67571E-07,,,,
19:18.0,-41.828125,-68.8925,-41.828125,-98.8925,6.56429E-05,1.29048E-10,,,,
19:18.0,-42.984375,-70.02105263,-42.984375,-100.0210526,5.02994E-05,9.95164E-11,,,,
19:18.0,-43.1875,-70.25555556,-43.1875,-100.2555556,4.8001E-05,9.42854E-11,,,,
19:18.0,-42.421875,-69.50454545,-42.421875,-99.50454545,5.72549E-05,1.12084E-10,,,,
19:18.0,-44.34375,-71.43142857,-44.34375,-101.4314286,3.67811E-05,7.19212E-11,,,,
19:18.0,-40.75,-67.86875,-40.75,-97.86875,8.41395E-05,1.63352E-10,,,,
19:18.0,-40.65625,-67.75,-40.65625,-97.75,8.59756E-05,1.6788E-10,,,,
19:18.0,16.984375,-49.16315789,16.984375,-79.16315789,49.93873074,1.21251E-08,,,,
19:18.0,15.828125,-48.54285714,15.828125,-78.54285714,38.26595003,1.39867E-08,,,,
11:57.0,16.09375,-38.07333333,16.09375,-68.07333333,40.67944321,1.55836E-07,,,,
11:57.0,10.171875,-41.055,10.171875,-71.055,10.40369232,7.84332E-08,,,,
11:50.0,8.78125,-43.55294118,8.78125,-73.55294118,7.55309592,4.41272E-08,,,,
11:50.0,25.71875,-48.42272727,25.71875,-78.42272727,373.1427432,1.4379E-08,,,,
11:50.0,26.296875,-47.61538462,26.296875,-77.61538462,426.2726806,1.73166E-08,,,,
11:50.0,8.78125,-44.53846154,8.78125,-74.53846154,7.55309592,3.51685E-08,,,,
11:50.0,27.390625,-45.71,27.390625,-75.71,548.355874,2.68534E-08,,,,
11:50.0,9.625,-41.86769231,9.625,-71.86769231,9.172759354,6.50475E-08,,,,
11:50.0,9.453125,-37.93333333,9.453125,-67.93333333,8.816830668,1.60941E-07,,,,
11:50.0,11.140625,-41.26428571,11.140625,-71.26428571,13.00356701,7.47432E-08,,,,
11:50.0,11.640625,-37.764,11.640625,-67.764,14.59024216,1.6734E-07,,,,
11:43.0,-41.828125,-68.8925,-41.828125,-98.8925,6.56429E-05,1.29048E-10,,,,
11:43.0,-42.984375,-70.02105263,-42.984375,-100.0210526,5.02994E-05,9.95164E-11,,,,
11:43.0,-43.1875,-70.25555556,-43.1875,-100.2555556,4.8001E-05,9.42854E-11,,,,
11:43.0,-42.421875,-69.50454545,-42.421875,-99.50454545,5.72549E-05,1.12084E-10,,,,
11:43.0,-44.34375,-71.43142857,-44.34375,-101.4314286,3.67811E-05,7.19212E-11,,,,
11:43.0,-40.75,-67.86875,-40.75,-97.86875,8.41395E-05,1.63352E-10,,,,
11:43.0,-40.65625,-67.75,-40.65625,-97.75,8.59756E-05,1.6788E-10,,,,
11:43.0,28.328125,-49.17368421,28.328125,-79.17368421,680.4755104,1.20957E-08,,,,
11:43.0,27.625,-48.56666667,27.625,-78.56666667,578.7619883,1.39102E-08,,,,
04:22.1,15.59375,-38.08,15.59375,-68.08,36.25559192,1.55597E-07,,,,
04:22.1,10.65625,-41.06142857,10.65625,-71.06142857,11.63121276,7.83172E-08,,,,
04:15.1,9.125,-43.55294118,9.125,-73.55294118,8.175230379,4.41272E-08,,,,
04:15.1,32.6875,-48.46818182,32.6875,-78.46818182,1856.735325,1.42292E-08,,,,
04:15.1,32.25,-47.6,32.25,-77.6,1678.804018,1.7378E-08,,,,
04:15.1,9.140625,-44.50769231,9.140625,-74.50769231,8.204696109,3.54185E-08,,,,
04:15.1,34.578125,-45.715,34.578125,-75.715,2869.541434,2.68225E-08,,,,
04:15.1,9.734375,-41.85076923,9.734375,-71.85076923,9.406704469,6.53015E-08,,,,
04:15.1,9.390625,-37.89375,9.390625,-67.89375,8.690854917,1.62415E-07,,,,
04:15.1,11.40625,-41.25714286,11.40625,-71.25714286,13.82372227,7.48662E-08,,,,
04:15.1,11.75,-37.764,11.75,-67.764,14.96235656,1.6734E-07,,,,
04:08.1,-41.828125,-68.8925,-41.828125,-98.8925,6.56429E-05,1.29048E-10,,,,
04:08.1,-42.984375,-70.02105263,-42.984375,-100.0210526,5.02994E-05,9.95164E-11,,,,
04:08.1,-43.1875,-70.25555556,-43.1875,-100.2555556,4.8001E-05,9.42854E-11,,,,
04:08.1,-42.421875,-69.50454545,-42.421875,-99.50454545,5.72549E-05,1.12084E-10,,,,
04:08.1,-44.34375,-71.43142857,-44.34375,-101.4314286,3.67811E-05,7.19212E-11,,,,
04:08.1,-40.75,-67.86875,-40.75,-97.86875,8.41395E-05,1.63352E-10,,,,
04:08.1,-40.65625,-67.75,-40.65625,-97.75,8.59756E-05,1.6788E-10,,,,
04:08.1,32.75,-49.12631579,32.75,-79.12631579,1883.649089,1.22284E-08,,,,
04:08.1,33.1875,-48.59047619,33.1875,-78.59047619,2083.291299,1.38341E-08,,,,
56:47.1,16.078125,-38.06666667,16.078125,-68.06666667,40.53335011,1.56075E-07,,,,
56:47.1,9.8125,-41.04857143,9.8125,-71.04857143,9.577452351,7.85494E-08,,,,
56:40.1,8.84375,-43.54117647,8.84375,-73.54117647,7.662579617,4.42468E-08,,,,
56:40.1,18.453125,-48.40909091,18.453125,-78.40909091,70.0345754,1.44242E-08,,,,
56:40.1,19.109375,-47.57923077,19.109375,-77.57923077,81.45870471,1.74613E-08,,,,
56:40.1,8.796875,-44.50769231,8.796875,-74.50769231,7.580319309,3.54185E-08,,,,
56:40.1,20,-45.725,20,-75.725,100,2.67609E-08,,,,
56:40.1,10.015625,-41.85923077,10.015625,-71.85923077,10.03604269,6.51744E-08,,,,
56:40.1,9.609375,-37.92,9.609375,-67.92,9.139816995,1.61436E-07,,,,
56:40.1,11.46875,-41.25714286,11.46875,-71.25714286,14.0241,7.48662E-08,,,,
56:40.1,10.203125,-37.746,10.203125,-67.746,10.47882289,1.68035E-07,,,,
56:33.1,-41.828125,-68.8925,-41.828125,-98.8925,6.56429E-05,1.29048E-10,,,,
56:33.1,-42.984375,-70.02105263,-42.984375,-100.0210526,5.02994E-05,9.95164E-11,,,,
56:33.1,-43.1875,-70.25555556,-43.1875,-100.2555556,4.8001E-05,9.42854E-11,,,,
56:33.1,-42.421875,-69.50454545,-42.421875,-99.50454545,5.72549E-05,1.12084E-10,,,,
56:33.1,-44.34375,-71.43142857,-44.34375,-101.4314286,3.67811E-05,7.19212E-11,,,,
56:33.1,-40.75,-67.86875,-40.75,-97.86875,8.41395E-05,1.63352E-10,,,,
56:33.1,-40.65625,-67.75,-40.65625,-97.75,8.59756E-05,1.6788E-10,,,,
56:33.1,21.140625,-49.14210526,21.140625,-79.14210526,130.0356701,1.2184E-08,,,,
56:33.1,20.125,-48.53809524,20.125,-78.53809524,102.9200527,1.4002E-08,,,,
49:12.1,16.09375,-38.06666667,16.09375,-68.06666667,40.67944321,1.56075E-07,,,,
49:12.1,9.75,-41.06785714,9.75,-71.06785714,9.440608763,7.82014E-08,,,,
49:05.1,8.765625,-43.55294118,8.765625,-73.55294118,7.525970298,4.41272E-08,,,,
49:05.1,7.9375,-48.44545455,7.9375,-78.44545455,6.219421634,1.43039E-08,,,,
49:05.1,8.5,-47.57923077,8.5,-77.57923077,7.079457844,1.74613E-08,,,,
49:05.1,8.65625,-44.51538462,8.65625,-74.51538462,7.338799116,3.53559E-08,,,,
49:05.1,9.375,-45.78,9.375,-75.78,8.659643234,2.64241E-08,,,,
49:05.1,9.9375,-41.86769231,9.9375,-71.86769231,9.857119009,6.50475E-08,,,,
49:05.1,9.703125,-37.9,9.703125,-67.9,9.339260729,1.62181E-07,,,,
49:05.1,11.296875,-41.23571429,11.296875,-71.23571429,13.47992575,7.52365E-08,,,,
49:05.1,10.5625,-37.746,10.5625,-67.746,11.38282345,1.68035E-07,,,,
48:58.1,-41.828125,-68.8925,-41.828125,-98.8925,6.56429E-05,1.29048E-10,,,,
48:58.1,-42.984375,-70.02105263,-42.984375,-100.0210526,5.02994E-05,9.95164E-11,,,,
48:58.1,-43.1875,-70.25555556,-43.1875,-100.2555556,4.8001E-05,9.42854E-11,,,,
48:58.1,-42.421875,-69.50454545,-42.421875,-99.50454545,5.72549E-05,1.12084E-10,,,,
48:58.1,-44.34375,-71.43142857,-44.34375,-101.4314286,3.67811E-05,7.19212E-11,,,,
48:58.1,-40.75,-67.86875,-40.75,-97.86875,8.41395E-05,1.63352E-10,,,,
48:58.1,-40.65625,-67.75,-40.65625,-97.75,8.59756E-05,1.6788E-10,,,,
48:58.1,11.53125,-49.16842105,11.53125,-79.16842105,14.22738225,1.21104E-08,,,,
48:58.1,10.265625,-48.55238095,10.265625,-78.55238095,10.63071561,1.3956E-08,,,,
41:37.1,16.296875,-38.07333333,16.296875,-68.07333333,42.62726806,1.55836E-07,,,,
41:37.1,10.078125,-41.04857143,10.078125,-71.04857143,10.18151722,7.85494E-08,,,,
41:30.1,9.09375,-43.55882353,9.09375,-73.55882353,8.116616003,4.40674E-08,,,,
41:30.1,8.9375,-48.41818182,8.9375,-78.41818182,7.829787942,1.4394E-08,,,,
41:30.1,9.515625,-47.57923077,9.515625,-77.57923077,8.944632463,1.74613E-08,,,,
41:30.1,9,-44.53076923,9,-74.53076923,7.943282347,3.52308E-08,,,,
41:30.1,10.4375,-45.78,10.4375,-75.78,11.05986943,2.64241E-08,,,,
41:30.1,9.765625,-41.86769231,9.765625,-71.86769231,9.474635257,6.50475E-08,,,,
41:30.1,9.640625,-37.92,9.640625,-67.92,9.205820446,1.61436E-07,,,,
41:30.1,11.15625,-41.4,11.15625,-71.4,13.05043536,7.24436E-08,,,,
41:30.1,10.578125,-37.746,10.578125,-67.746,11.42385021,1.68035E-07,,,,
41:23.1,-41.828125,-68.8925,-41.828125,-98.8925,6.56429E-05,1.29048E-10,,,,
41:23.1,-42.984375,-70.02105263,-42.984375,-100.0210526,5.02994E-05,9.95164E-11,,,,
41:23.1,-43.1875,-70.25555556,-43.1875,-100.2555556,4.8001E-05,9.42854E-11,,,,
41:23.1,-42.421875,-69.50454545,-42.421875,-99.50454545,5.72549E-05,1.12084E-10,,,,
41:23.1,-44.34375,-71.43142857,-44.34375,-101.4314286,3.67811E-05,7.19212E-11,,,,
41:23.1,-40.75,-67.86875,-40.75,-97.86875,8.41395E-05,1.63352E-10,,,,
41:23.1,-40.65625,-67.75,-40.65625,-97.75,8.59756E-05,1.6788E-10,,,,
41:23.1,12.234375,-49.20555556,12.234375,-79.20555556,16.72774887,1.20073E-08,,,,
41:23.1,10.84375,-48.5952381,10.84375,-78.5952381,12.14437027,1.3819E-08,,,,
34:02.1,16.53125,-38.07333333,16.53125,-68.07333333,44.99093306,1.55836E-07,,,,
34:02.1,9.703125,-41.06142857,9.703125,-71.06142857,9.339260729,7.83172E-08,,,,
33:55.1,9.078125,-43.53529412,9.078125,-73.53529412,8.087466598,4.43068E-08,,,,
33:55.1,8.578125,-48.43636364,8.578125,-78.43636364,7.207962193,1.43339E-08,,,,
33:55.1,9.1875,-47.6,9.1875,-77.6,8.293732045,1.7378E-08,,,,
33:55.1,9.140625,-44.5,9.140625,-74.5,8.204696109,3.54813E-08,,,,
33:55.1,10.03125,-45.745,10.03125,-75.745,10.07221529,2.66379E-08,,,,
33:55.1,9.984375,-41.87615385,9.984375,-71.87615385,9.964086751,6.49209E-08,,,,
33:55.1,9.734375,-37.9,9.734375,-67.9,9.406704469,1.62181E-07,,,,
33:55.1,10.796875,-41.24285714,10.796875,-71.24285714,12.01399647,7.51129E-08,,,,
33:55.1,10.765625,-37.758,10.765625,-67.758,11.92785909,1.67571E-07,,,,
33:48.1,-41.828125,-68.8925,-41.828125,-98.8925,6.56429E-05,1.29048E-10,,,,
33:48.1,-42.984375,-70.02105263,-42.984375,-100.0210526,5.02994E-05,9.95164E-11,,,,
33:48.1,-43.1875,-70.25555556,-43.1875,-100.2555556,4.8001E-05,9.42854E-11,,,,
33:48.1,-42.421875,-69.50454545,-42.421875,-99.50454545,5.72549E-05,1.12084E-10,,,,
33:48.1,-44.34375,-71.43142857,-44.34375,-101.4314286,3.67811E-05,7.19212E-11,,,,
33:48.1,-40.75,-67.86875,-40.75,-97.86875,8.41395E-05,1.63352E-10,,,,
33:48.1,-40.65625,-67.75,-40.65625,-97.75,8.59756E-05,1.6788E-10,,,,
33:48.1,12.125,-49.16315789,12.125,-79.16315789,16.31172909,1.21251E-08,,,,
33:48.1,10.75,-48.57619048,10.75,-78.57619048,11.88502227,1.38797E-08,,,,
26:27.1,16.34375,-38.07333333,16.34375,-68.07333333,43.08985176,1.55836E-07,,,,
26:27.1,9.609375,-41.06142857,9.609375,-71.06142857,9.139816995,7.83172E-08,,,,
26:20.1,8.78125,-43.53529412,8.78125,-73.53529412,7.55309592,4.43068E-08,,,,
26:20.1,8.078125,-48.42727273,8.078125,-78.42727273,6.424103066,1.43639E-08,,,,
26:20.1,8.65625,-47.60769231,8.65625,-77.60769231,7.338799116,1.73473E-08,,,,
26:20.1,8.71875,-44.47923077,8.71875,-74.47923077,7.445176537,3.56514E-08,,,,
26:20.1,9.515625,-45.75,9.515625,-75.75,8.944632463,2.66073E-08,,,,
26:20.1,10.015625,-41.86769231,10.015625,-71.86769231,10.03604269,6.50475E-08,,,,
26:20.1,9.6875,-37.9,9.6875,-67.9,9.305720409,1.62181E-07,,,,
26:20.1,10.75,-41.26428571,10.75,-71.26428571,11.88502227,7.47432E-08,,,,
26:20.1,10.5,-37.764,10.5,-67.764,11.22018454,1.6734E-07,,,,
26:13.1,-41.828125,-68.8925,-41.828125,-98.8925,6.56429E-05,1.29048E-10,,,,
26:13.1,-42.984375,-70.02105263,-42.984375,-100.0210526,5.02994E-05,9.95164E-11,,,,
26:13.1,-43.1875,-70.25555556,-43.1875,-100.2555556,4.8001E-05,9.42854E-11,,,,
26:13.1,-42.421875,-69.50454545,-42.421875,-99.50454545,5.72549E-05,1.12084E-10,,,,
26:13.1,-44.34375,-71.43142857,-44.34375,-101.4314286,3.67811E-05,7.19212E-11,,,,
26:13.1,-40.75,-67.86875,-40.75,-97.86875,8.41395E-05,1.63352E-10,,,,
26:13.1,-40.65625,-67.75,-40.65625,-97.75,8.59756E-05,1.6788E-10,,,,
26:13.1,11.90625,-49.19473684,11.90625,-79.19473684,15.5104715,1.20372E-08,,,,
26:13.1,10.5625,-48.53809524,10.5625,-78.53809524,11.38282345,1.4002E-08,,,,
18:52.1,16.15625,-38.08,16.15625,-68.08,41.2691002,1.55597E-07,,,,
18:52.1,9.609375,-41.06142857,9.609375,-71.06142857,9.139816995,7.83172E-08,,,,
18:45.1,8.96875,-43.54117647,8.96875,-73.54117647,7.886330981,4.42468E-08,,,,
18:45.1,7.671875,-48.45454545,7.671875,-78.45454545,5.850426128,1.4274E-08,,,,
18:45.1,8.28125,-47.58615385,8.28125,-77.58615385,6.731703824,1.74335E-08,,,,
18:45.1,8.90625,-44.49307692,8.90625,-74.49307692,7.773650302,3.55379E-08,,,,
18:45.1,9.15625,-45.755,9.15625,-75.755,8.234268041,2.65766E-08,,,,
18:45.1,10.140625,-41.87615385,10.140625,-71.87615385,10.32910043,6.49209E-08,,,,
18:45.1,9.9375,-37.91333333,9.9375,-67.91333333,9.857119009,1.61684E-07,,,,
18:45.1,10.890625,-41.24285714,10.890625,-71.24285714,12.27615887,7.51129E-08,,,,
18:45.1,10.546875,-37.758,10.546875,-67.758,11.34194404,1.67571E-07,,,,
18:38.1,-41.828125,-68.8925,-41.828125,-98.8925,6.56429E-05,1.29048E-10,,,,
18:38.1,-42.984375,-70.02105263,-42.984375,-100.0210526,5.02994E-05,9.95164E-11,,,,
18:38.1,-43.1875,-70.25555556,-43.1875,-100.2555556,4.8001E-05,9.42854E-11,,,,
18:38.1,-42.421875,-69.50454545,-42.421875,-99.50454545,5.72549E-05,1.12084E-10,,,,
18:38.1,-44.34375,-71.43142857,-44.34375,-101.4314286,3.67811E-05,7.19212E-11,,,,
18:38.1,-40.75,-67.86875,-40.75,-97.86875,8.41395E-05,1.63352E-10,,,,
18:38.1,-40.65625,-67.75,-40.65625,-97.75,8.59756E-05,1.6788E-10,,,,
18:38.1,11.390625,-49.14210526,11.390625,-79.14210526,13.7740768,1.2184E-08,,,,
18:38.1,10.078125,-48.55238095,10.078125,-78.55238095,10.18151722,1.3956E-08,,,,
11:17.1,15.984375,-38.06,15.984375,-68.06,39.66774384,1.56315E-07,,,,
11:17.1,9.828125,-41.02928571,9.828125,-71.02928571,9.611972066,7.8899E-08,,,,
11:10.1,9,-43.53529412,9,-73.53529412,7.943282347,4.43068E-08,,,,
11:10.1,7.390625,-48.41363636,7.390625,-78.41363636,5.48355874,1.44091E-08,,,,
11:10.1,8.0625,-47.61538462,8.0625,-77.61538462,6.401032025,1.73166E-08,,,,
11:10.1,8.9375,-44.5,8.9375,-74.5,7.829787942,3.54813E-08,,,,
11:10.1,8.90625,-45.755,8.90625,-75.755,7.773650302,2.65766E-08,,,,
11:10.1,9.953125,-41.89307692,9.953125,-71.89307692,9.892646718,6.46684E-08,,,,
11:10.1,9.765625,-37.92666667,9.765625,-67.92666667,9.474635257,1.61188E-07,,,,
11:10.1,10.84375,-41.25714286,10.84375,-71.25714286,12.14437027,7.48662E-08,,,,
11:10.1,10.390625,-37.74,10.390625,-67.74,10.94113811,1.68267E-07,,,,
11:03.1,-41.828125,-68.8925,-41.828125,-98.8925,6.56429E-05,1.29048E-10,,,,
11:03.1,-42.984375,-70.02105263,-42.984375,-100.0210526,5.02994E-05,9.95164E-11,,,,
11:03.1,-43.1875,-70.25555556,-43.1875,-100.2555556,4.8001E-05,9.42854E-11,,,,
11:03.1,-42.421875,-69.50454545,-42.421875,-99.50454545,5.72549E-05,1.12084E-10,,,,
11:03.1,-44.34375,-71.43142857,-44.34375,-101.4314286,3.67811E-05,7.19212E-11,,,,
11:03.1,-40.75,-67.86875,-40.75,-97.86875,8.41395E-05,1.63352E-10,,,,
11:03.1,-40.65625,-67.75,-40.65625,-97.75,8.59756E-05,1.6788E-10,,,,
11:03.1,11.078125,-49.21666667,11.078125,-79.21666667,12.81777076,1.19766E-08,,,,
11:03.1,9.859375,-48.53809524,9.859375,-78.53809524,9.681385199,1.4002E-08,,,,
03:42.1,16.28125,-38.05333333,16.28125,-68.05333333,42.47417969,1.56555E-07,,,,
03:42.1,10.03125,-41.04214286,10.03125,-71.04214286,10.07221529,7.86658E-08,,,,
03:35.1,8.84375,-43.55294118,8.84375,-73.55294118,7.662579617,4.41272E-08,,,,
03:35.1,8.6875,-48.44090909,8.6875,-78.44090909,7.391796466,1.43189E-08,,,,
03:35.1,9.28125,-47.60769231,9.28125,-77.60769231,8.474713009,1.73473E-08,,,,
03:35.1,8.796875,-44.5,8.796875,-74.5,7.580319309,3.54813E-08,,,,
03:35.1,10.125,-45.735,10.125,-75.735,10.29200527,2.66993E-08,,,,
03:35.1,10.140625,-41.89307692,10.140625,-71.89307692,10.32910043,6.46684E-08,,,,
03:35.1,9.875,-37.91333333,9.875,-67.91333333,9.716279516,1.61684E-07,,,,
03:35.1,10.65625,-41.27142857,10.65625,-71.27142857,11.63121276,7.46203E-08,,,,
03:35.1,10.515625,-37.77,10.515625,-67.77,11.26062511,1.67109E-07,,,,
03:28.1,-41.828125,-68.8925,-41.828125,-98.8925,6.56429E-05,1.29048E-10,,,,
03:28.1,-42.984375,-70.02105263,-42.984375,-100.0210526,5.02994E-05,9.95164E-11,,,,
03:28.1,-43.1875,-70.25555556,-43.1875,-100.2555556,4.8001E-05,9.42854E-11,,,,
03:28.1,-42.421875,-69.50454545,-42.421875,-99.50454545,5.72549E-05,1.12084E-10,,,,
03:28.1,-44.34375,-71.43142857,-44.34375,-101.4314286,3.67811E-05,7.19212E-11,,,,
03:28.1,-40.75,-67.86875,-40.75,-97.86875,8.41395E-05,1.63352E-10,,,,
03:28.1,-40.65625,-67.75,-40.65625,-97.75,8.59756E-05,1.6788E-10,,,,
03:28.1,12.140625,-49.15263158,12.140625,-79.15263158,16.37052095,1.21545E-08,,,,
03:28.1,10.875,-48.55714286,10.875,-78.55714286,12.23207119,1.39407E-08,,,,
56:07.1,16.15625,-38.06666667,16.15625,-68.06666667,41.2691002,1.56075E-07,,,,
56:07.1,10.015625,-41.055,10.015625,-71.055,10.03604269,7.84332E-08,,,,
56:00.1,8.84375,-43.57647059,8.84375,-73.57647059,7.662579617,4.38887E-08,,,,
56:00.1,8.5625,-48.40909091,8.5625,-78.40909091,7.182076058,1.44242E-08,,,,
56:00.1,9.1875,-47.62307692,9.1875,-77.62307692,8.293732045,1.72859E-08,,,,
56:00.1,8.828125,-44.47923077,8.828125,-74.47923077,7.635060803,3.56514E-08,,,,
56:00.1,10.015625,-45.75,10.015625,-75.75,10.03604269,2.66073E-08,,,,
56:00.1,10.09375,-41.86769231,10.09375,-71.86769231,10.21821414,6.50475E-08,,,,
56:00.1,9.8125,-37.90666667,9.8125,-67.90666667,9.577452351,1.61932E-07,,,,
56:00.1,10.53125,-41.25714286,10.53125,-71.25714286,11.30121143,7.48662E-08,,,,
56:00.1,10.59375,-37.752,10.59375,-67.752,11.46502484,1.67803E-07,,,,
55:53.1,-41.828125,-68.8925,-41.828125,-98.8925,6.56429E-05,1.29048E-10,,,,
55:53.1,-42.984375,-70.02105263,-42.984375,-100.0210526,5.02994E-05,9.95164E-11,,,,
55:53.1,-43.1875,-70.25555556,-43.1875,-100.2555556,4.8001E-05,9.42854E-11,,,,
55:53.1,-42.421875,-69.50454545,-42.421875,-99.50454545,5.72549E-05,1.12084E-10,,,,
55:53.1,-44.34375,-71.43142857,-44.34375,-101.4314286,3.67811E-05,7.19212E-11,,,,
55:53.1,-40.75,-67.86875,-40.75,-97.86875,8.41395E-05,1.63352E-10,,,,
55:53.1,-40.65625,-67.75,-40.65625,-97.75,8.59756E-05,1.6788E-10,,,,
55:53.1,12.109375,-49.18947368,12.109375,-79.18947368,16.25314837,1.20518E-08,,,,
55:53.1,10.859375,-48.6,10.859375,-78.6,12.18814185,1.38038E-08,,,,
48:32.1,15.890625,-38.06666667,15.890625,-68.06666667,38.82062293,1.56075E-07,,,,
48:32.1,9.984375,-41.03571429,9.984375,-71.03571429,9.964086751,7.87823E-08,,,,
48:25.1,8.96875,-43.52352941,8.96875,-73.52352941,7.886330981,4.4427E-08,,,,
48:25.1,7.65625,-48.40454545,7.65625,-78.40454545,5.829415347,1.44393E-08,,,,
48:25.1,8.265625,-47.59307692,8.265625,-77.59307692,6.707528088,1.74057E-08,,,,
48:25.1,8.953125,-44.47923077,8.953125,-74.47923077,7.858008604,3.56514E-08,,,,
48:25.1,9.140625,-45.785,9.140625,-75.785,8.204696109,2.63937E-08,,,,
48:25.1,9.875,-41.86769231,9.875,-71.86769231,9.716279516,6.50475E-08,,,,
48:25.1,9.890625,-37.91333333,9.890625,-67.91333333,9.751299601,1.61684E-07,,,,
48:25.1,10.953125,-41.25714286,10.953125,-71.25714286,12.45410434,7.48662E-08,,,,
48:25.1,10.53125,-37.74,10.53125,-67.74,11.30121143,1.68267E-07,,,,
48:18.1,-41.828125,-68.8925,-41.828125,-98.8925,6.56429E-05,1.29048E-10,,,,
48:18.1,-42.984375,-70.02105263,-42.984375,-100.0210526,5.02994E-05,9.95164E-11,,,,
48:18.1,-43.1875,-70.25555556,-43.1875,-100.2555556,4.8001E-05,9.42854E-11,,,,
48:18.1,-42.421875,-69.50454545,-42.421875,-99.50454545,5.72549E-05,1.12084E-10,,,,
48:18.1,-44.34375,-71.43142857,-44.34375,-101.4314286,3.67811E-05,7.19212E-11,,,,
48:18.1,-40.75,-67.86875,-40.75,-97.86875,8.41395E-05,1.63352E-10,,,,
48:18.1,-40.65625,-67.75,-40.65625,-97.75,8.59756E-05,1.6788E-10,,,,
48:18.1,11.234375,-49.15789474,11.234375,-79.15789474,13.28732323,1.21398E-08,,,,
48:18.1,9.890625,-48.55714286,9.890625,-78.55714286,9.751299601,1.39407E-08,,,,
40:57.1,16.171875,-38.06666667,16.171875,-68.06666667,41.41784514,1.56075E-07,,,,
40:57.1,9.90625,-41.06142857,9.90625,-71.06142857,9.786445908,7.83172E-08,,,,
40:50.1,9.3125,-43.55294118,9.3125,-73.55294118,8.535913393,4.41272E-08,,,,
40:50.1,7.953125,-48.39545455,7.953125,-78.39545455,6.241838103,1.44695E-08,,,,
40:50.1,8.640625,-47.60769231,8.640625,-77.60769231,7.312443104,1.73473E-08,,,,
40:50.1,9.28125,-44.52307692,9.28125,-74.52307692,8.474713009,3.52933E-08,,,,
40:50.1,9.484375,-45.72,9.484375,-75.72,8.880501664,2.67917E-08,,,,
40:50.1,9.828125,-41.86769231,9.828125,-71.86769231,9.611972066,6.50475E-08,,,,
40:50.1,9.84375,-37.92666667,9.84375,-67.92666667,9.646616199,1.61188E-07,,,,
40:50.1,16.703125,-41.25,16.703125,-71.25,46.80718249,7.49894E-08,,,,
40:50.1,9.953125,-37.77,9.953125,-67.77,9.892646718,1.67109E-07,,,,
40:43.1,-41.828125,-68.8925,-41.828125,-98.8925,6.56429E-05,1.29048E-10,,,,
40:43.1,-42.984375,-70.02105263,-42.984375,-100.0210526,5.02994E-05,9.95164E-11,,,,
40:43.1,-43.1875,-70.25555556,-43.1875,-100.2555556,4.8001E-05,9.42854E-11,,,,
40:43.1,-42.421875,-69.50454545,-42.421875,-99.50454545,5.72549E-05,1.12084E-10,,,,
40:43.1,-44.34375,-71.43142857,-44.34375,-101.4314286,3.67811E-05,7.19212E-11,,,,
40:43.1,-40.75,-67.86875,-40.75,-97.86875,8.41395E-05,1.63352E-10,,,,
40:43.1,-40.65625,-67.75,-40.65625,-97.75,8.59756E-05,1.6788E-10,,,,
40:43.1,11.609375,-49.18421053,11.609375,-79.18421053,14.48563374,1.20664E-08,,,,
40:43.1,10.3125,-48.56666667,10.3125,-78.56666667,10.74607828,1.39102E-08,,,,
33:22.2,16.390625,-38.07333333,16.390625,-68.07333333,43.55745534,1.55836E-07,,,,
33:22.2,10.015625,-41.055,10.015625,-71.055,10.03604269,7.84332E-08,,,,
33:15.2,8.703125,-43.56470588,8.703125,-73.56470588,7.418438489,4.40078E-08,,,,
33:15.2,7.796875,-48.45,7.796875,-78.45,6.021261656,1.42889E-08,,,,
33:15.2,8.4375,-47.61538462,8.4375,-77.61538462,6.978305849,1.73166E-08,,,,
33:15.2,8.71875,-44.48615385,8.71875,-74.48615385,7.445176537,3.55946E-08,,,,
33:15.2,9.3125,-45.745,9.3125,-75.745,8.535913393,2.66379E-08,,,,
33:15.2,10.203125,-41.84230769,10.203125,-71.84230769,10.47882289,6.54288E-08,,,,
33:15.2,9.765625,-37.92,9.765625,-67.92,9.474635257,1.61436E-07,,,,
33:15.2,20.484375,-41.25714286,20.484375,-71.25714286,111.7988921,7.48662E-08,,,,
33:15.2,10.453125,-37.782,10.453125,-67.782,11.09973218,1.66648E-07,,,,
33:08.2,-41.828125,-68.8925,-41.828125,-98.8925,6.56429E-05,1.29048E-10,,,,
33:08.2,-42.984375,-70.02105263,-42.984375,-100.0210526,5.02994E-05,9.95164E-11,,,,
33:08.2,-43.1875,-70.25555556,-43.1875,-100.2555556,4.8001E-05,9.42854E-11,,,,
33:08.2,-42.421875,-69.50454545,-42.421875,-99.50454545,5.72549E-05,1.12084E-10,,,,
33:08.2,-44.34375,-71.43142857,-44.34375,-101.4314286,3.67811E-05,7.19212E-11,,,,
33:08.2,-40.75,-67.86875,-40.75,-97.86875,8.41395E-05,1.63352E-10,,,,
33:08.2,-40.65625,-67.75,-40.65625,-97.75,8.59756E-05,1.6788E-10,,,,
33:08.2,11.4375,-49.15789474,11.4375,-79.15789474,13.92355068,1.21398E-08,,,,
33:08.2,10.1875,-48.56666667,10.1875,-78.56666667,10.44119003,1.39102E-08,,,,
25:47.2,16.03125,-38.07333333,16.03125,-68.07333333,40.09821129,1.55836E-07,,,,
25:47.2,9.96875,-41.04214286,9.96875,-71.04214286,9.928302478,7.86658E-08,,,,
25:40.2,9.40625,-43.55294118,9.40625,-73.55294118,8.722179097,4.41272E-08,,,,
25:40.2,7.75,-48.45,7.75,-78.45,5.956621435,1.42889E-08,,,,
25:40.2,8.390625,-47.55846154,8.390625,-77.55846154,6.903391445,1.7545E-08,,,,
25:40.2,9.421875,-44.47923077,9.421875,-74.47923077,8.753616176,3.56514E-08,,,,
25:40.2,9.265625,-45.755,9.265625,-75.755,8.444277561,2.65766E-08,,,,
25:40.2,9.75,-41.87615385,9.75,-71.87615385,9.440608763,6.49209E-08,,,,
25:40.2,9.625,-37.90666667,9.625,-67.90666667,9.172759354,1.61932E-07,,,,
25:40.2,10.578125,-41.25,10.578125,-71.25,11.42385021,7.49894E-08,,,,
25:40.2,10.328125,-37.788,10.328125,-67.788,10.78481004,1.66418E-07,,,,
25:33.2,-41.828125,-68.8925,-41.828125,-98.8925,6.56429E-05,1.29048E-10,,,,
25:33.2,-42.984375,-70.02105263,-42.984375,-100.0210526,5.02994E-05,9.95164E-11,,,,
25:33.2,-43.1875,-70.25555556,-43.1875,-100.2555556,4.8001E-05,9.42854E-11,,,,
25:33.2,-42.421875,-69.50454545,-42.421875,-99.50454545,5.72549E-05,1.12084E-10,,,,
25:33.2,-44.34375,-71.43142857,-44.34375,-101.4314286,3.67811E-05,7.19212E-11,,,,
25:33.2,-40.75,-67.86875,-40.75,-97.86875,8.41395E-05,1.63352E-10,,,,
25:33.2,-40.65625,-67.75,-40.65625,-97.75,8.59756E-05,1.6788E-10,,,,
25:33.2,11.296875,-49.17368421,11.296875,-79.17368421,13.47992575,1.20957E-08,,,,
25:33.2,9.953125,-48.58095238,9.953125,-78.58095238,9.892646718,1.38645E-08,,,,
18:12.2,16.296875,-38.06,16.296875,-68.06,42.62726806,1.56315E-07,,,,
18:12.2,10.078125,-41.055,10.078125,-71.055,10.18151722,7.84332E-08,,,,
18:05.2,9.078125,-43.54705882,9.078125,-73.54705882,8.087466598,4.4187E-08,,,,
18:05.2,8.15625,-48.45454545,8.15625,-78.45454545,6.540711597,1.4274E-08,,,,
18:05.2,8.6875,-47.58615385,8.6875,-77.58615385,7.391796466,1.74335E-08,,,,
18:05.2,9.0625,-44.5,9.0625,-74.5,8.058421878,3.54813E-08,,,,
18:05.2,9.640625,-45.74,9.640625,-75.74,9.205820446,2.66686E-08,,,,
18:05.2,10.171875,-41.87615385,10.171875,-71.87615385,10.40369232,6.49209E-08,,,,
18:05.2,9.640625,-37.90666667,9.640625,-67.90666667,9.205820446,1.61932E-07,,,,
18:05.2,9.703125,-41.25714286,9.703125,-71.25714286,9.339260729,7.48662E-08,,,,
18:05.2,10.5,-37.74,10.5,-67.74,11.22018454,1.68267E-07,,,,
17:58.2,-41.828125,-68.8925,-41.828125,-98.8925,6.56429E-05,1.29048E-10,,,,
17:58.2,-42.984375,-70.02105263,-42.984375,-100.0210526,5.02994E-05,9.95164E-11,,,,
17:58.2,-43.1875,-70.25555556,-43.1875,-100.2555556,4.8001E-05,9.42854E-11,,,,
17:58.2,-42.421875,-69.50454545,-42.421875,-99.50454545,5.72549E-05,1.12084E-10,,,,
17:58.2,-44.34375,-71.43142857,-44.34375,-101.4314286,3.67811E-05,7.19212E-11,,,,
17:58.2,-40.75,-67.86875,-40.75,-97.86875,8.41395E-05,1.63352E-10,,,,
17:58.2,-40.65625,-67.75,-40.65625,-97.75,8.59756E-05,1.6788E-10,,,,
17:58.2,11.84375,-49.21111111,11.84375,-79.21111111,15.28885634,1.19919E-08,,,,
17:58.2,10.515625,-48.57142857,10.515625,-78.57142857,11.26062511,1.3895E-08,,,,
10:37.2,16.421875,-38.04666667,16.421875,-68.04666667,43.87200676,1.56795E-07,,,,
10:37.2,10.25,-41.055,10.25,-71.055,10.59253725,7.84332E-08,,,,
10:30.2,9.28125,-43.55882353,9.28125,-73.55882353,8.474713009,4.40674E-08,,,,
10:30.2,8.359375,-48.42727273,8.359375,-78.42727273,6.853895839,1.43639E-08,,,,
10:30.2,8.90625,-47.56538462,8.90625,-77.56538462,7.773650302,1.75171E-08,,,,
10:30.2,9.234375,-44.48615385,9.234375,-74.48615385,8.383734183,3.55946E-08,,,,
10:30.2,9.828125,-45.74,9.828125,-75.74,9.611972066,2.66686E-08,,,,
10:30.2,9.5,-41.85923077,9.5,-71.85923077,8.912509381,6.51744E-08,,,,
10:30.2,9.546875,-37.9,9.546875,-67.9,9.009226384,1.62181E-07,,,,
10:30.2,9.625,-41.24285714,9.625,-71.24285714,9.172759354,7.51129E-08,,,,
10:30.2,10.6875,-37.752,10.6875,-67.752,11.7152079,1.67803E-07,,,,
10:23.2,-41.828125,-68.8925,-41.828125,-98.8925,6.56429E-05,1.29048E-10,,,,
10:23.2,-42.984375,-70.02105263,-42.984375,-100.0210526,5.02994E-05,9.95164E-11,,,,
10:23.2,-43.1875,-70.25555556,-43.1875,-100.2555556,4.8001E-05,9.42854E-11,,,,
10:23.2,-42.421875,-69.50454545,-42.421875,-99.50454545,5.72549E-05,1.12084E-10,,,,
10:23.2,-44.34375,-71.43142857,-44.34375,-101.4314286,3.67811E-05,7.19212E-11,,,,
10:23.2,-40.75,-67.86875,-40.75,-97.86875,8.41395E-05,1.63352E-10,,,,
10:23.2,-40.65625,-67.75,-40.65625,-97.75,8.59756E-05,1.6788E-10,,,,
10:23.2,11.84375,-49.17894737,11.84375,-79.17894737,15.28885634,1.20811E-08,,,,
10:23.2,10.484375,-48.55714286,10.484375,-78.55714286,11.17988921,1.39407E-08,,,,
03:02.2,16.5,-38.05333333,16.5,-68.05333333,44.66835922,1.56555E-07,,,,
03:02.2,9.875,-41.03571429,9.875,-71.03571429,9.716279516,7.87823E-08,,,,
02:55.2,9.953125,-43.54705882,9.953125,-73.54705882,9.892646718,4.4187E-08,,,,
02:55.2,8.203125,-48.43181818,8.203125,-78.43181818,6.611690262,1.43489E-08,,,,
02:55.2,8.75,-47.55846154,8.75,-77.55846154,7.498942093,1.7545E-08,,,,
02:55.2,10.21875,-44.5,10.21875,-74.5,10.51659138,3.54813E-08,,,,
02:55.2,9.65625,-45.78,9.65625,-75.78,9.2390007,2.64241E-08,,,,
02:55.2,9.859375,-41.84230769,9.859375,-71.84230769,9.681385199,6.54288E-08,,,,
02:55.2,9.578125,-37.89375,9.578125,-67.89375,9.074286771,1.62415E-07,,,,
02:55.2,9.4375,-41.25,9.4375,-71.25,8.785166564,7.49894E-08,,,,
02:55.2,10.296875,-37.752,10.296875,-67.752,10.70748562,1.67803E-07,,,,
02:48.2,-41.828125,-68.8925,-41.828125,-98.8925,6.56429E-05,1.29048E-10,,,,
02:48.2,-42.984375,-70.02105263,-42.984375,-100.0210526,5.02994E-05,9.95164E-11,,,,
02:48.2,-43.1875,-70.25555556,-43.1875,-100.2555556,4.8001E-05,9.42854E-11,,,,
02:48.2,-42.421875,-69.50454545,-42.421875,-99.50454545,5.72549E-05,1.12084E-10,,,,
02:48.2,-44.34375,-71.43142857,-44.34375,-101.4314286,3.67811E-05,7.19212E-11,,,,
02:48.2,-40.75,-67.86875,-40.75,-97.86875,8.41395E-05,1.63352E-10,,,,
02:48.2,-40.65625,-67.75,-40.65625,-97.75,8.59756E-05,1.6788E-10,,,,
02:48.2,11.65625,-49.11578947,11.65625,-79.11578947,14.64282931,1.2258E-08,,,,
02:48.2,10.375,-48.57142857,10.375,-78.57142857,10.90184492,1.3895E-08,,,,
55:27.2,16.5625,-38.04666667,16.5625,-68.04666667,45.31583638,1.56795E-07,,,,
55:27.2,10.046875,-41.06142857,10.046875,-71.06142857,10.10851826,7.83172E-08,,,,
55:20.2,9.796875,-43.55294118,9.796875,-73.55294118,9.543056608,4.41272E-08,,,,
55:20.2,8.65625,-48.42727273,8.65625,-78.42727273,7.338799116,1.43639E-08,,,,
55:20.2,9.203125,-47.60769231,9.203125,-77.60769231,8.323624886,1.73473E-08,,,,
55:20.2,9.859375,-44.48615385,9.859375,-74.48615385,9.681385199,3.55946E-08,,,,
55:20.2,10.109375,-45.735,10.109375,-75.735,10.25504334,2.66993E-08,,,,
55:20.2,9.796875,-41.85076923,9.796875,-71.85076923,9.543056608,6.53015E-08,,,,
55:20.2,9.6875,-37.9,9.6875,-67.9,9.305720409,1.62181E-07,,,,
55:20.2,9.78125,-41.24285714,9.78125,-71.24285714,9.508784391,7.51129E-08,,,,
55:20.2,10.578125,-37.764,10.578125,-67.764,11.42385021,1.6734E-07,,,,
55:13.2,-41.828125,-68.8925,-41.828125,-98.8925,6.56429E-05,1.29048E-10,,,,
55:13.2,-42.984375,-70.02105263,-42.984375,-100.0210526,5.02994E-05,9.95164E-11,,,,
55:13.2,-43.1875,-70.25555556,-43.1875,-100.2555556,4.8001E-05,9.42854E-11,,,,
55:13.2,-42.421875,-69.50454545,-42.421875,-99.50454545,5.72549E-05,1.12084E-10,,,,
55:13.2,-44.34375,-71.43142857,-44.34375,-101.4314286,3.67811E-05,7.19212E-11,,,,
55:13.2,-40.75,-67.86875,-40.75,-97.86875,8.41395E-05,1.63352E-10,,,,
55:13.2,-40.65625,-67.75,-40.65625,-97.75,8.59756E-05,1.6788E-10,,,,
55:13.2,12.046875,-49.13157895,12.046875,-79.13157895,16.02092178,1.22136E-08,,,,
55:13.2,10.71875,-48.56190476,10.71875,-78.56190476,11.79980961,1.39255E-08,,,,
47:52.2,16.6875,-38.06666667,16.6875,-68.06666667,46.63908269,1.56075E-07,,,,
47:52.2,9.828125,-41.06142857,9.828125,-71.06142857,9.611972066,7.83172E-08,,,,
47:45.2,9.109375,-43.54705882,9.109375,-73.54705882,8.145870471,4.4187E-08,,,,
47:45.2,8.078125,-48.45909091,8.078125,-78.45909091,6.424103066,1.42591E-08,,,,
47:45.2,8.703125,-47.56538462,8.703125,-77.56538462,7.418438489,1.75171E-08,,,,
47:45.2,9.109375,-44.5,9.109375,-74.5,8.145870471,3.54813E-08,,,,
47:45.2,9.640625,-45.765,9.640625,-75.765,9.205820446,2.65155E-08,,,,
47:45.2,10.390625,-41.85076923,10.390625,-71.85076923,10.94113811,6.53015E-08,,,,
47:45.2,9.90625,-37.91333333,9.90625,-67.91333333,9.786445908,1.61684E-07,,,,
47:45.2,9.578125,-41.24285714,9.578125,-71.24285714,9.074286771,7.51129E-08,,,,
47:45.2,10.15625,-37.746,10.15625,-67.746,10.36632928,1.68035E-07,,,,
47:38.2,-41.828125,-68.8925,-41.828125,-98.8925,6.56429E-05,1.29048E-10,,,,
47:38.2,-42.984375,-70.02105263,-42.984375,-100.0210526,5.02994E-05,9.95164E-11,,,,
47:38.2,-43.1875,-70.25555556,-43.1875,-100.2555556,4.8001E-05,9.42854E-11,,,,
47:38.2,-42.421875,-69.50454545,-42.421875,-99.50454545,5.72549E-05,1.12084E-10,,,,
47:38.2,-44.34375,-71.43142857,-44.34375,-101.4314286,3.67811E-05,7.19212E-11,,,,
47:38.2,-40.75,-67.86875,-40.75,-97.86875,8.41395E-05,1.63352E-10,,,,
47:38.2,-40.65625,-67.75,-40.65625,-97.75,8.59756E-05,1.6788E-10,,,,
47:38.2,11.703125,-49.19473684,11.703125,-79.19473684,14.80173075,1.20372E-08,,,,
47:38.2,10.421875,-48.55714286,10.421875,-78.55714286,11.02014985,1.39407E-08,,,,
40:17.2,16.796875,-38.06,16.796875,-68.06,47.82858142,1.56315E-07,,,,
40:17.2,9.875,-41.055,9.875,-71.055,9.716279516,7.84332E-08,,,,
40:10.2,9.09375,-43.55882353,9.09375,-73.55882353,8.116616003,4.40674E-08,,,,
40:10.2,7.671875,-48.42272727,7.671875,-78.42272727,5.850426128,1.4379E-08,,,,
40:10.2,8.296875,-47.6,8.296875,-77.6,6.755966696,1.7378E-08,,,,
40:10.2,9.03125,-44.49307692,9.03125,-74.49307692,8.000644989,3.55379E-08,,,,
40:10.2,9.1875,-45.76,9.1875,-75.76,8.293732045,2.65461E-08,,,,
40:10.2,10.421875,-41.87615385,10.421875,-71.87615385,11.02014985,6.49209E-08,,,,
40:10.2,10.046875,-37.90666667,10.046875,-67.90666667,10.10851826,1.61932E-07,,,,
40:10.2,9.90625,-41.26428571,9.90625,-71.26428571,9.786445908,7.47432E-08,,,,
40:10.2,10.03125,-37.77,10.03125,-67.77,10.07221529,1.67109E-07,,,,
40:03.2,-41.828125,-68.8925,-41.828125,-98.8925,6.56429E-05,1.29048E-10,,,,
40:03.2,-42.984375,-70.02105263,-42.984375,-100.0210526,5.02994E-05,9.95164E-11,,,,
40:03.2,-43.1875,-70.25555556,-43.1875,-100.2555556,4.8001E-05,9.42854E-11,,,,
40:03.2,-42.421875,-69.50454545,-42.421875,-99.50454545,5.72549E-05,1.12084E-10,,,,
40:03.2,-44.34375,-71.43142857,-44.34375,-101.4314286,3.67811E-05,7.19212E-11,,,,
40:03.2,-40.75,-67.86875,-40.75,-97.86875,8.41395E-05,1.63352E-10,,,,
40:03.2,-40.65625,-67.75,-40.65625,-97.75,8.59756E-05,1.6788E-10,,,,
40:03.2,11.1875,-49.16842105,11.1875,-79.16842105,13.14467946,1.21104E-08,,,,
40:03.2,9.921875,-48.55714286,9.921875,-78.55714286,9.821718892,1.39407E-08,,,,
32:42.2,16.796875,-38.06,16.796875,-68.06,47.82858142,1.56315E-07,,,,
32:42.2,9.703125,-41.06142857,9.703125,-71.06142857,9.339260729,7.83172E-08,,,,
32:35.2,9.359375,-43.53529412,9.359375,-73.53529412,8.628543641,4.43068E-08,,,,
32:35.2,8.734375,-48.47727273,8.734375,-78.47727273,7.472010956,1.41995E-08,,,,
32:35.2,9.296875,-47.57923077,9.296875,-77.57923077,8.505258154,1.74613E-08,,,,
32:35.2,9.203125,-44.54615385,9.203125,-74.54615385,8.323624886,3.51063E-08,,,,
32:35.2,10.15625,-45.735,10.15625,-75.735,10.36632928,2.66993E-08,,,,
32:35.2,10.078125,-41.88461538,10.078125,-71.88461538,10.18151722,6.47945E-08,,,,
32:35.2,10,-37.9,10,-67.9,10,1.62181E-07,,,,
32:35.2,9.265625,-41.24285714,9.265625,-71.24285714,8.444277561,7.51129E-08,,,,
32:35.2,10.421875,-37.752,10.421875,-67.752,11.02014985,1.67803E-07,,,,
32:28.2,-41.828125,-68.8925,-41.828125,-98.8925,6.56429E-05,1.29048E-10,,,,
32:28.2,-42.984375,-70.02105263,-42.984375,-100.0210526,5.02994E-05,9.95164E-11,,,,
32:28.2,-43.1875,-70.25555556,-43.1875,-100.2555556,4.8001E-05,9.42854E-11,,,,
32:28.2,-42.421875,-69.50454545,-42.421875,-99.50454545,5.72549E-05,1.12084E-10,,,,
32:28.2,-44.34375,-71.43142857,-44.34375,-101.4314286,3.67811E-05,7.19212E-11,,,,
32:28.2,-40.75,-67.86875,-40.75,-97.86875,8.41395E-05,1.63352E-10,,,,
32:28.2,-40.65625,-67.75,-40.65625,-97.75,8.59756E-05,1.6788E-10,,,,
32:28.2,12.3125,-49.13684211,12.3125,-79.13684211,17.03138632,1.21988E-08,,,,
32:28.2,11.125,-48.56666667,11.125,-78.56666667,12.95686698,1.39102E-08,,,,
25:07.2,16.9375,-38.06,16.9375,-68.06,49.40262208,1.56315E-07,,,,
25:07.2,9.90625,-41.04857143,9.90625,-71.04857143,9.786445908,7.85494E-08,,,,
25:00.2,8.6875,-43.54117647,8.6875,-73.54117647,7.391796466,4.42468E-08,,,,
25:00.2,8.859375,-48.43636364,8.859375,-78.43636364,7.690197615,1.43339E-08,,,,
25:00.2,9.4375,-47.59307692,9.4375,-77.59307692,8.785166564,1.74057E-08,,,,
25:00.2,8.6875,-44.5,8.6875,-74.5,7.391796466,3.54813E-08,,,,
25:00.2,10.296875,-45.755,10.296875,-75.755,10.70748562,2.65766E-08,,,,
25:00.2,10.5625,-41.86769231,10.5625,-71.86769231,11.38282345,6.50475E-08,,,,
25:00.2,9.890625,-37.92,9.890625,-67.92,9.751299601,1.61436E-07,,,,
25:00.2,9.65625,-41.23571429,9.65625,-71.23571429,9.2390007,7.52365E-08,,,,
25:00.2,10.109375,-37.752,10.109375,-67.752,10.25504334,1.67803E-07,,,,
24:53.2,-41.828125,-68.8925,-41.828125,-98.8925,6.56429E-05,1.29048E-10,,,,
24:53.2,-42.984375,-70.02105263,-42.984375,-100.0210526,5.02994E-05,9.95164E-11,,,,
24:53.2,-43.1875,-70.25555556,-43.1875,-100.2555556,4.8001E-05,9.42854E-11,,,,
24:53.2,-42.421875,-69.50454545,-42.421875,-99.50454545,5.72549E-05,1.12084E-10,,,,
24:53.2,-44.34375,-71.43142857,-44.34375,-101.4314286,3.67811E-05,7.19212E-11,,,,
24:53.2,-40.75,-67.86875,-40.75,-97.86875,8.41395E-05,1.63352E-10,,,,
24:53.2,-40.65625,-67.75,-40.65625,-97.75,8.59756E-05,1.6788E-10,,,,
24:53.2,12.265625,-49.16315789,12.265625,-79.16315789,16.84854879,1.21251E-08,,,,
24:53.2,11.078125,-48.54761905,11.078125,-78.54761905,12.81777076,1.39713E-08,,,,
17:32.2,16.875,-38.05333333,16.875,-68.05333333,48.69675252,1.56555E-07,,,,
17:32.2,9.9375,-41.06142857,9.9375,-71.06142857,9.857119009,7.83172E-08,,,,
17:25.2,8.640625,-43.53529412,8.640625,-73.53529412,7.312443104,4.43068E-08,,,,
17:25.2,8.828125,-48.41818182,8.828125,-78.41818182,7.635060803,1.4394E-08,,,,
17:25.2,9.40625,-47.57923077,9.40625,-77.57923077,8.722179097,1.74613E-08,,,,
17:25.2,8.59375,-44.52307692,8.59375,-74.52307692,7.233941627,3.52933E-08,,,,
17:25.2,10.25,-45.755,10.25,-75.755,10.59253725,2.65766E-08,,,,
17:25.2,10.75,-41.89307692,10.75,-71.89307692,11.88502227,6.46684E-08,,,,
17:25.2,10.328125,-37.92,10.328125,-67.92,10.78481004,1.61436E-07,,,,
17:25.2,9.578125,-41.25714286,9.578125,-71.25714286,9.074286771,7.48662E-08,,,,
17:25.2,10.734375,-37.746,10.734375,-67.746,11.8423393,1.68035E-07,,,,
17:18.2,-41.828125,-68.8925,-41.828125,-98.8925,6.56429E-05,1.29048E-10,,,,
17:18.2,-42.984375,-70.02105263,-42.984375,-100.0210526,5.02994E-05,9.95164E-11,,,,
17:18.2,-43.1875,-70.25555556,-43.1875,-100.2555556,4.8001E-05,9.42854E-11,,,,
17:18.2,-42.421875,-69.50454545,-42.421875,-99.50454545,5.72549E-05,1.12084E-10,,,,
17:18.2,-44.34375,-71.43142857,-44.34375,-101.4314286,3.67811E-05,7.19212E-11,,,,
17:18.2,-40.75,-67.86875,-40.75,-97.86875,8.41395E-05,1.63352E-10,,,,
17:18.2,-40.65625,-67.75,-40.65625,-97.75,8.59756E-05,1.6788E-10,,,,
17:18.2,12.171875,-49.12631579,12.171875,-79.12631579,16.48874114,1.22284E-08,,,,
17:18.2,10.921875,-48.54761905,10.921875,-78.54761905,12.3648115,1.39713E-08,,,,
09:57.2,17.125,-38.08,17.125,-68.08,51.58221651,1.55597E-07,,,,
09:57.2,9.59375,-41.06142857,9.59375,-71.06142857,9.106992942,7.83172E-08,,,,
09:50.2,9.1875,-43.57058824,9.1875,-73.57058824,8.293732045,4.39482E-08,,,,
09:50.2,9.0625,-48.40909091,9.0625,-78.40909091,8.058421878,1.44242E-08,,,,
09:50.2,9.640625,-47.6,9.640625,-77.6,9.205820446,1.7378E-08,,,,
09:50.2,9.25,-44.5,9.25,-74.5,8.413951416,3.54813E-08,,,,
09:50.2,10.5,-45.71,10.5,-75.71,11.22018454,2.68534E-08,,,,
09:50.2,10.609375,-41.87615385,10.609375,-71.87615385,11.50634787,6.49209E-08,,,,
09:50.2,10.5,-37.91333333,10.5,-67.91333333,11.22018454,1.61684E-07,,,,
09:50.2,9.484375,-41.24285714,9.484375,-71.24285714,8.880501664,7.51129E-08,,,,
09:50.2,10.03125,-37.758,10.03125,-67.758,10.07221529,1.67571E-07,,,,
09:43.2,-41.828125,-68.8925,-41.828125,-98.8925,6.56429E-05,1.29048E-10,,,,
09:43.2,-42.984375,-70.02105263,-42.984375,-100.0210526,5.02994E-05,9.95164E-11,,,,
09:43.2,-43.1875,-70.25555556,-43.1875,-100.2555556,4.8001E-05,9.42854E-11,,,,
09:43.2,-42.421875,-69.50454545,-42.421875,-99.50454545,5.72549E-05,1.12084E-10,,,,
09:43.2,-44.34375,-71.43142857,-44.34375,-101.4314286,3.67811E-05,7.19212E-11,,,,
09:43.2,-40.75,-67.86875,-40.75,-97.86875,8.41395E-05,1.63352E-10,,,,
09:43.2,-40.65625,-67.75,-40.65625,-97.75,8.59756E-05,1.6788E-10,,,,
09:43.2,12.4375,-49.15263158,12.4375,-79.15263158,17.52871178,1.21545E-08,,,,
09:43.2,11.28125,-48.54285714,11.28125,-78.54285714,13.43151496,1.39867E-08,,,,
02:22.3,17.078125,-38.05333333,17.078125,-68.05333333,51.02846448,1.56555E-07,,,,
02:22.3,9.6875,-41.04857143,9.6875,-71.04857143,9.305720409,7.85494E-08,,,,
02:15.3,8.96875,-43.53529412,8.96875,-73.53529412,7.886330981,4.43068E-08,,,,
02:15.3,8.4375,-48.41363636,8.4375,-78.41363636,6.978305849,1.44091E-08,,,,
02:15.3,9.03125,-47.59307692,9.03125,-77.59307692,8.000644989,1.74057E-08,,,,
02:15.3,8.953125,-44.5,8.953125,-74.5,7.858008604,3.54813E-08,,,,
02:15.3,9.90625,-45.755,9.90625,-75.755,9.786445908,2.65766E-08,,,,
02:15.3,11.453125,-41.87615385,11.453125,-71.87615385,13.9737349,6.49209E-08,,,,
02:15.3,10.703125,-37.92,10.703125,-67.92,11.75743266,1.61436E-07,,,,
02:15.3,9.625,-41.25,9.625,-71.25,9.172759354,7.49894E-08,,,,
02:15.3,10.03125,-37.758,10.03125,-67.758,10.07221529,1.67571E-07,,,,
02:08.3,-41.828125,-68.8925,-41.828125,-98.8925,6.56429E-05,1.29048E-10,,,,
02:08.3,-42.984375,-70.02105263,-42.984375,-100.0210526,5.02994E-05,9.95164E-11,,,,
02:08.3,-43.1875,-70.25555556,-43.1875,-100.2555556,4.8001E-05,9.42854E-11,,,,
02:08.3,-42.421875,-69.50454545,-42.421875,-99.50454545,5.72549E-05,1.12084E-10,,,,
02:08.3,-44.34375,-71.43142857,-44.34375,-101.4314286,3.67811E-05,7.19212E-11,,,,
02:08.3,-40.75,-67.86875,-40.75,-97.86875,8.41395E-05,1.63352E-10,,,,
02:08.3,-40.65625,-67.75,-40.65625,-97.75,8.59756E-05,1.6788E-10,,,,
02:08.3,11.953125,-49.17894737,11.953125,-79.17894737,15.67878844,1.20811E-08,,,,
02:08.3,10.75,-48.56666667,10.75,-78.56666667,11.88502227,1.39102E-08,,,,
54:47.3,17.421875,-38.05333333,17.421875,-68.05333333,55.23158417,1.56555E-07,,,,
54:47.3,9.34375,-41.04214286,9.34375,-71.04214286,8.597555737,7.86658E-08,,,,
54:40.3,8.375,-43.52352941,8.375,-73.52352941,6.878599123,4.4427E-08,,,,
54:40.3,8.234375,-48.45454545,8.234375,-78.45454545,6.659436774,1.4274E-08,,,,
54:40.3,8.8125,-47.56538462,8.8125,-77.56538462,7.607640819,1.75171E-08,,,,
54:40.3,8.328125,-44.5,8.328125,-74.5,6.804755104,3.54813E-08,,,,
54:40.3,9.75,-45.785,9.75,-75.785,9.440608763,2.63937E-08,,,,
54:40.3,11.03125,-41.86769231,11.03125,-71.86769231,12.68016778,6.50475E-08,,,,
54:40.3,10.625,-37.91333333,10.625,-67.91333333,11.54781985,1.61684E-07,,,,
54:40.3,9.15625,-41.25714286,9.15625,-71.25714286,8.234268041,7.48662E-08,,,,
54:40.3,9.890625,-37.758,9.890625,-67.758,9.751299601,1.67571E-07,,,,
54:33.3,-41.828125,-68.8925,-41.828125,-98.8925,6.56429E-05,1.29048E-10,,,,
54:33.3,-42.984375,-70.02105263,-42.984375,-100.0210526,5.02994E-05,9.95164E-11,,,,
54:33.3,-43.1875,-70.25555556,-43.1875,-100.2555556,4.8001E-05,9.42854E-11,,,,
54:33.3,-42.421875,-69.50454545,-42.421875,-99.50454545,5.72549E-05,1.12084E-10,,,,
54:33.3,-44.34375,-71.43142857,-44.34375,-101.4314286,3.67811E-05,7.19212E-11,,,,
54:33.3,-40.75,-67.86875,-40.75,-97.86875,8.41395E-05,1.63352E-10,,,,
54:33.3,-40.65625,-67.75,-40.65625,-97.75,8.59756E-05,1.6788E-10,,,,
54:33.3,11.609375,-49.15263158,11.609375,-79.15263158,14.48563374,1.21545E-08,,,,
54:33.3,10.4375,-48.54761905,10.4375,-78.54761905,11.05986943,1.39713E-08,,,,
47:12.3,17.5,-38.05333333,17.5,-68.05333333,56.23413252,1.56555E-07,,,,
47:12.3,9.40625,-41.04857143,9.40625,-71.04857143,8.722179097,7.85494E-08,,,,
47:05.3,8.453125,-43.52941176,8.453125,-73.52941176,7.00345754,4.43669E-08,,,,
47:05.3,8.34375,-48.38181818,8.34375,-78.38181818,6.829281272,1.4515E-08,,,,
47:05.3,8.953125,-47.55846154,8.953125,-77.55846154,7.858008604,1.7545E-08,,,,
47:05.3,8.46875,-44.5,8.46875,-74.5,7.028699885,3.54813E-08,,,,
47:05.3,9.828125,-45.79,9.828125,-75.79,9.611972066,2.63633E-08,,,,
47:05.3,10.53125,-41.84230769,10.53125,-71.84230769,11.30121143,6.54288E-08,,,,
47:05.3,10.421875,-37.91333333,10.421875,-67.91333333,11.02014985,1.61684E-07,,,,
47:05.3,9.234375,-41.26428571,9.234375,-71.26428571,8.383734183,7.47432E-08,,,,
47:05.3,10,-37.758,10,-67.758,10,1.67571E-07,,,,
46:58.3,-41.828125,-68.8925,-41.828125,-98.8925,6.56429E-05,1.29048E-10,,,,
46:58.3,-42.984375,-70.02105263,-42.984375,-100.0210526,5.02994E-05,9.95164E-11,,,,
46:58.3,-43.1875,-70.25555556,-43.1875,-100.2555556,4.8001E-05,9.42854E-11,,,,
46:58.3,-42.421875,-69.50454545,-42.421875,-99.50454545,5.72549E-05,1.12084E-10,,,,
46:58.3,-44.34375,-71.43142857,-44.34375,-101.4314286,3.67811E-05,7.19212E-11,,,,
46:58.3,-40.75,-67.86875,-40.75,-97.86875,8.41395E-05,1.63352E-10,,,,
46:58.3,-40.65625,-67.75,-40.65625,-97.75,8.59756E-05,1.6788E-10,,,,
46:58.3,11.828125,-49.16315789,11.828125,-79.16315789,15.23394909,1.21251E-08,,,,
46:58.3,10.625,-48.55238095,10.625,-78.55238095,11.54781985,1.3956E-08,,,,
40:04.0,17.578125,-38.08,17.578125,-68.08,57.25487884,1.55597E-07,,,,
40:04.0,9.25,-41.055,9.25,-71.055,8.413951416,7.84332E-08,,,,
39:57.0,8.484375,-43.54705882,8.484375,-73.54705882,7.05403321,4.4187E-08,,,,
39:57.0,8.203125,-48.40909091,8.203125,-78.40909091,6.611690262,1.44242E-08,,,,
39:57.0,8.78125,-47.57230769,8.78125,-77.57230769,7.55309592,1.74892E-08,,,,
39:57.0,8.390625,-44.5,8.390625,-74.5,6.903391445,3.54813E-08,,,,
39:57.0,9.65625,-45.775,9.65625,-75.775,9.2390007,2.64545E-08,,,,
39:57.0,11.078125,-41.87615385,11.078125,-71.87615385,12.81777076,6.49209E-08,,,,
39:57.0,10.421875,-37.92666667,10.421875,-67.92666667,11.02014985,1.61188E-07,,,,
39:57.0,9.84375,-41.26428571,9.84375,-71.26428571,9.646616199,7.47432E-08,,,,
39:57.0,9.84375,-37.746,9.84375,-67.746,9.646616199,1.68035E-07,,,,
39:50.0,-41.828125,-68.8925,-41.828125,-98.8925,6.56429E-05,1.29048E-10,,,,
39:50.0,-42.984375,-70.02105263,-42.984375,-100.0210526,5.02994E-05,9.95164E-11,,,,
39:50.0,-43.1875,-70.25555556,-43.1875,-100.2555556,4.8001E-05,9.42854E-11,,,,
39:50.0,-42.421875,-69.50454545,-42.421875,-99.50454545,5.72549E-05,1.12084E-10,,,,
39:50.0,-44.34375,-71.43142857,-44.34375,-101.4314286,3.67811E-05,7.19212E-11,,,,
39:50.0,-40.75,-67.86875,-40.75,-97.86875,8.41395E-05,1.63352E-10,,,,
39:50.0,-40.65625,-67.75,-40.65625,-97.75,8.59756E-05,1.6788E-10,,,,
39:50.0,11.765625,-49.14736842,11.765625,-79.14736842,15.01628492,1.21692E-08,,,,
39:50.0,10.546875,-48.58095238,10.546875,-78.58095238,11.34194404,1.38645E-08,,,,
32:18.1,17.640625,-38.05333333,17.640625,-68.05333333,58.08480023,1.56555E-07,,,,
32:18.1,9.40625,-41.04857143,9.40625,-71.04857143,8.722179097,7.85494E-08,,,,
32:11.1,8.265625,-43.53529412,8.265625,-73.53529412,6.707528088,4.43068E-08,,,,
32:11.1,8.609375,-48.39090909,8.609375,-78.39090909,7.260014699,1.44847E-08,,,,
32:11.1,9.234375,-47.6,9.234375,-77.6,8.383734183,1.7378E-08,,,,
32:11.1,8.28125,-44.47923077,8.28125,-74.47923077,6.731703824,3.56514E-08,,,,
32:11.1,10.09375,-45.75,10.09375,-75.75,10.21821414,2.66073E-08,,,,
32:11.1,10.96875,-41.85923077,10.96875,-71.85923077,12.49899229,6.51744E-08,,,,
32:11.1,10.53125,-37.89375,10.53125,-67.89375,11.30121143,1.62415E-07,,,,
32:11.1,9.484375,-41.24285714,9.484375,-71.24285714,8.880501664,7.51129E-08,,,,
32:11.1,9.84375,-37.746,9.84375,-67.746,9.646616199,1.68035E-07,,,,
32:04.1,-41.828125,-68.8925,-41.828125,-98.8925,6.56429E-05,1.29048E-10,,,,
32:04.1,-42.984375,-70.02105263,-42.984375,-100.0210526,5.02994E-05,9.95164E-11,,,,
32:04.1,-43.1875,-70.25555556,-43.1875,-100.2555556,4.8001E-05,9.42854E-11,,,,
32:04.1,-42.421875,-69.50454545,-42.421875,-99.50454545,5.72549E-05,1.12084E-10,,,,
32:04.1,-44.34375,-71.43142857,-44.34375,-101.4314286,3.67811E-05,7.19212E-11,,,,
32:04.1,-40.75,-67.86875,-40.75,-97.86875,8.41395E-05,1.63352E-10,,,,
32:04.1,-40.65625,-67.75,-40.65625,-97.75,8.59756E-05,1.6788E-10,,,,
32:04.1,11.9375,-49.16315789,11.9375,-79.16315789,15.62248081,1.21251E-08,,,,
32:04.1,10.75,-48.55238095,10.75,-78.55238095,11.88502227,1.3956E-08,,,,
24:36.1,17.5,-38.06,17.5,-68.06,56.23413252,1.56315E-07,,,,
24:36.1,9.328125,-41.04857143,9.328125,-71.04857143,8.566679121,7.85494E-08,,,,
24:29.1,8.5,-43.52941176,8.5,-73.52941176,7.079457844,4.43669E-08,,,,
24:29.1,8.59375,-48.42727273,8.59375,-78.42727273,7.233941627,1.43639E-08,,,,
24:29.1,9.265625,-47.57230769,9.265625,-77.57230769,8.444277561,1.74892E-08,,,,
24:29.1,8.46875,-44.54615385,8.46875,-74.54615385,7.028699885,3.51063E-08,,,,
24:29.1,10.125,-45.77,10.125,-75.77,10.29200527,2.6485E-08,,,,
24:29.1,10.390625,-41.85076923,10.390625,-71.85076923,10.94113811,6.53015E-08,,,,
24:29.1,10.3125,-37.9,10.3125,-67.9,10.74607828,1.62181E-07,,,,
24:29.1,9.421875,-41.24285714,9.421875,-71.24285714,8.753616176,7.51129E-08,,,,
24:29.1,9.6875,-37.746,9.6875,-67.746,9.305720409,1.68035E-07,,,,
24:22.1,-41.828125,-68.8925,-41.828125,-98.8925,6.56429E-05,1.29048E-10,,,,
24:22.1,-42.984375,-70.02105263,-42.984375,-100.0210526,5.02994E-05,9.95164E-11,,,,
24:22.1,-43.1875,-70.25555556,-43.1875,-100.2555556,4.8001E-05,9.42854E-11,,,,
24:22.1,-42.421875,-69.50454545,-42.421875,-99.50454545,5.72549E-05,1.12084E-10,,,,
24:22.1,-44.34375,-71.43142857,-44.34375,-101.4314286,3.67811E-05,7.19212E-11,,,,
24:22.1,-40.75,-67.86875,-40.75,-97.86875,8.41395E-05,1.63352E-10,,,,
24:22.1,-40.65625,-67.75,-40.65625,-97.75,8.59756E-05,1.6788E-10,,,,
24:22.1,12.265625,-49.13157895,12.265625,-79.13157895,16.84854879,1.22136E-08,,,,
24:22.1,11.015625,-48.59047619,11.015625,-78.59047619,12.63462918,1.38341E-08,,,,
16:54.1,17.671875,-38.07333333,17.671875,-68.07333333,58.50426128,1.55836E-07,,,,
16:54.1,9.015625,-41.03571429,9.015625,-71.03571429,7.971912074,7.87823E-08,,,,
16:47.1,8.3125,-43.55882353,8.3125,-73.55882353,6.780317017,4.40674E-08,,,,
16:47.1,8.921875,-48.38636364,8.921875,-78.38636364,7.801668629,1.44999E-08,,,,
16:47.1,9.484375,-47.59307692,9.484375,-77.59307692,8.880501664,1.74057E-08,,,,
16:47.1,8.28125,-44.51538462,8.28125,-74.51538462,6.731703824,3.53559E-08,,,,
16:47.1,10.421875,-45.725,10.421875,-75.725,11.02014985,2.67609E-08,,,,
16:47.1,11.140625,-41.89307692,11.140625,-71.89307692,13.00356701,6.46684E-08,,,,
16:47.1,10.46875,-37.93333333,10.46875,-67.93333333,11.1397386,1.60941E-07,,,,
16:47.1,9.5625,-41.24285714,9.5625,-71.24285714,9.041698059,7.51129E-08,,,,
16:47.1,9.8125,-37.758,9.8125,-67.758,9.577452351,1.67571E-07,,,,
16:40.1,-41.828125,-68.8925,-41.828125,-98.8925,6.56429E-05,1.29048E-10,,,,
16:40.1,-42.984375,-70.02105263,-42.984375,-100.0210526,5.02994E-05,9.95164E-11,,,,
16:40.1,-43.1875,-70.25555556,-43.1875,-100.2555556,4.8001E-05,9.42854E-11,,,,
16:40.1,-42.421875,-69.50454545,-42.421875,-99.50454545,5.72549E-05,1.12084E-10,,,,
16:40.1,-44.34375,-71.43142857,-44.34375,-101.4314286,3.67811E-05,7.19212E-11,,,,
16:40.1,-40.75,-67.86875,-40.75,-97.86875,8.41395E-05,1.63352E-10,,,,
16:40.1,-40.65625,-67.75,-40.65625,-97.75,8.59756E-05,1.6788E-10,,,,
16:40.1,12.5,-49.13684211,12.5,-79.13684211,17.7827941,1.21988E-08,,,,
16:40.1,11.234375,-48.51904762,11.234375,-78.51904762,13.28732323,1.40636E-08,,,,
09:12.1,17.90625,-38.06666667,17.90625,-68.06666667,61.74829922,1.56075E-07,,,,
09:12.1,9.109375,-41.04857143,9.109375,-71.04857143,8.145870471,7.85494E-08,,,,
09:05.1,8.546875,-43.56470588,8.546875,-73.56470588,7.15628289,4.40078E-08,,,,
09:05.1,8.390625,-48.43636364,8.390625,-78.43636364,6.903391445,1.43339E-08,,,,
09:05.1,8.875,-47.60769231,8.875,-77.60769231,7.717915156,1.73473E-08,,,,
09:05.1,8.515625,-44.47923077,8.515625,-74.47923077,7.104974114,3.56514E-08,,,,
09:05.1,9.90625,-45.765,9.90625,-75.765,9.786445908,2.65155E-08,,,,
09:05.1,11.21875,-41.85923077,11.21875,-71.85923077,13.23960414,6.51744E-08,,,,
09:05.1,10.84375,-37.92,10.84375,-67.92,12.14437027,1.61436E-07,,,,
09:05.1,9.625,-41.23571429,9.625,-71.23571429,9.172759354,7.52365E-08,,,,
09:05.1,9.078125,-37.758,9.078125,-67.758,8.087466598,1.67571E-07,,,,
08:58.1,-41.828125,-68.8925,-41.828125,-98.8925,6.56429E-05,1.29048E-10,,,,
08:58.1,-42.984375,-70.02105263,-42.984375,-100.0210526,5.02994E-05,9.95164E-11,,,,
08:58.1,-43.1875,-70.25555556,-43.1875,-100.2555556,4.8001E-05,9.42854E-11,,,,
08:58.1,-42.421875,-69.50454545,-42.421875,-99.50454545,5.72549E-05,1.12084E-10,,,,
08:58.1,-44.34375,-71.43142857,-44.34375,-101.4314286,3.67811E-05,7.19212E-11,,,,
08:58.1,-40.75,-67.86875,-40.75,-97.86875,8.41395E-05,1.63352E-10,,,,
08:58.1,-40.65625,-67.75,-40.65625,-97.75,8.59756E-05,1.6788E-10,,,,
08:58.1,12,-49.13684211,12,-79.13684211,15.84893192,1.21988E-08,,,,
08:58.1,10.703125,-48.55714286,10.703125,-78.55714286,11.75743266,1.39407E-08,,,,
01:30.1,17.90625,-38.07333333,17.90625,-68.07333333,61.74829922,1.55836E-07,,,,
01:30.1,8.90625,-41.055,8.90625,-71.055,7.773650302,7.84332E-08,,,,
01:23.1,8.78125,-43.53529412,8.78125,-73.53529412,7.55309592,4.43068E-08,,,,
01:23.1,8.796875,-48.42272727,8.796875,-78.42272727,7.580319309,1.4379E-08,,,,
01:23.1,9.3125,-47.60769231,9.3125,-77.60769231,8.535913393,1.73473E-08,,,,
01:23.1,8.8125,-44.53076923,8.8125,-74.53076923,7.607640819,3.52308E-08,,,,
01:23.1,10.328125,-45.765,10.328125,-75.765,10.78481004,2.65155E-08,,,,
01:23.1,10.875,-41.86769231,10.875,-71.86769231,12.23207119,6.50475E-08,,,,
01:23.1,10.796875,-37.91333333,10.796875,-67.91333333,12.01399647,1.61684E-07,,,,
01:23.1,9.84375,-41.27857143,9.84375,-71.27857143,9.646616199,7.44977E-08,,,,
01:23.1,9.390625,-37.734,9.390625,-67.734,8.690854917,1.685E-07,,,,
01:16.1,-41.828125,-68.8925,-41.828125,-98.8925,6.56429E-05,1.29048E-10,,,,
01:16.1,-42.984375,-70.02105263,-42.984375,-100.0210526,5.02994E-05,9.95164E-11,,,,
01:16.1,-43.1875,-70.25555556,-43.1875,-100.2555556,4.8001E-05,9.42854E-11,,,,
01:16.1,-42.421875,-69.50454545,-42.421875,-99.50454545,5.72549E-05,1.12084E-10,,,,
01:16.1,-44.34375,-71.43142857,-44.34375,-101.4314286,3.67811E-05,7.19212E-11,,,,
01:16.1,-40.75,-67.86875,-40.75,-97.86875,8.41395E-05,1.63352E-10,,,,
01:16.1,-40.65625,-67.75,-40.65625,-97.75,8.59756E-05,1.6788E-10,,,,
01:16.1,12.3125,-49.16315789,12.3125,-79.16315789,17.03138632,1.21251E-08,,,,
01:16.1,11.09375,-48.55238095,11.09375,-78.55238095,12.86396945,1.3956E-08,,,,
53:48.1,17.671875,-38.04666667,17.671875,-68.04666667,58.50426128,1.56795E-07,,,,
53:48.1,9.03125,-41.06142857,9.03125,-71.06142857,8.000644989,7.83172E-08,,,,
53:41.1,8.765625,-43.54117647,8.765625,-73.54117647,7.525970298,4.42468E-08,,,,
53:41.1,8.5625,-48.39545455,8.5625,-78.39545455,7.182076058,1.44695E-08,,,,
53:41.1,9.171875,-47.58615385,9.171875,-77.58615385,8.263946558,1.74335E-08,,,,
53:41.1,8.765625,-44.52307692,8.765625,-74.52307692,7.525970298,3.52933E-08,,,,
53:41.1,10.015625,-45.76,10.015625,-75.76,10.03604269,2.65461E-08,,,,
53:41.1,11.6875,-41.85076923,11.6875,-71.85076923,14.74857293,6.53015E-08,,,,
53:41.1,11.171875,-37.94,11.171875,-67.94,13.09747264,1.60694E-07,,,,
53:41.1,9.578125,-41.25,9.578125,-71.25,9.074286771,7.49894E-08,,,,
53:41.1,9.171875,-37.728,9.171875,-67.728,8.263946558,1.68733E-07,,,,
53:34.1,-41.828125,-68.8925,-41.828125,-98.8925,6.56429E-05,1.29048E-10,,,,
53:34.1,-42.984375,-70.02105263,-42.984375,-100.0210526,5.02994E-05,9.95164E-11,,,,
53:34.1,-43.1875,-70.25555556,-43.1875,-100.2555556,4.8001E-05,9.42854E-11,,,,
53:34.1,-42.421875,-69.50454545,-42.421875,-99.50454545,5.72549E-05,1.12084E-10,,,,
53:34.1,-44.34375,-71.43142857,-44.34375,-101.4314286,3.67811E-05,7.19212E-11,,,,
53:34.1,-40.75,-67.86875,-40.75,-97.86875,8.41395E-05,1.63352E-10,,,,
53:34.1,-40.65625,-67.75,-40.65625,-97.75,8.59756E-05,1.6788E-10,,,,
53:34.1,12.015625,-49.15789474,12.015625,-79.15789474,15.90605574,1.21398E-08,,,,
53:34.1,10.75,-48.56666667,10.75,-78.56666667,11.88502227,1.39102E-08,,,,
46:06.1,17.734375,-38.06,17.734375,-68.06,59.35229272,1.56315E-07,,,,
46:06.1,8.78125,-41.02928571,8.78125,-71.02928571,7.55309592,7.8899E-08,,,,
45:59.1,8.296875,-43.52352941,8.296875,-73.52352941,6.755966696,4.4427E-08,,,,
45:59.1,9.03125,-48.40454545,9.03125,-78.40454545,8.000644989,1.44393E-08,,,,
45:59.1,9.65625,-47.59307692,9.65625,-77.59307692,9.2390007,1.74057E-08,,,,
45:59.1,8.328125,-44.53846154,8.328125,-74.53846154,6.804755104,3.51685E-08,,,,
45:59.1,10.578125,-45.75,10.578125,-75.75,11.42385021,2.66073E-08,,,,
45:59.1,10.75,-41.87615385,10.75,-71.87615385,11.88502227,6.49209E-08,,,,
45:59.1,10.484375,-37.91333333,10.484375,-67.91333333,11.17988921,1.61684E-07,,,,
45:59.1,10,-41.24285714,10,-71.24285714,10,7.51129E-08,,,,
45:59.1,9.21875,-37.752,9.21875,-67.752,8.35362547,1.67803E-07,,,,
45:52.1,-41.828125,-68.8925,-41.828125,-98.8925,6.56429E-05,1.29048E-10,,,,
45:52.1,-42.984375,-70.02105263,-42.984375,-100.0210526,5.02994E-05,9.95164E-11,,,,
45:52.1,-43.1875,-70.25555556,-43.1875,-100.2555556,4.8001E-05,9.42854E-11,,,,
45:52.1,-42.421875,-69.50454545,-42.421875,-99.50454545,5.72549E-05,1.12084E-10,,,,
45:52.1,-44.34375,-71.43142857,-44.34375,-101.4314286,3.67811E-05,7.19212E-11,,,,
45:52.1,-40.75,-67.86875,-40.75,-97.86875,8.41395E-05,1.63352E-10,,,,
45:52.1,-40.65625,-67.75,-40.65625,-97.75,8.59756E-05,1.6788E-10,,,,
45:52.1,12.734375,-49.12631579,12.734375,-79.12631579,18.76884294,1.22284E-08,,,,
45:52.1,11.53125,-48.55714286,11.53125,-78.55714286,14.22738225,1.39407E-08,,,,
38:24.1,17.40625,-38.06,17.40625,-68.06,55.03322961,1.56315E-07,,,,
38:24.1,8.90625,-41.04214286,8.90625,-71.04214286,7.773650302,7.86658E-08,,,,
38:17.1,8.984375,-43.54705882,8.984375,-73.54705882,7.914755439,4.4187E-08,,,,
38:17.1,8.375,-48.42272727,8.375,-78.42272727,6.878599123,1.4379E-08,,,,
38:17.1,8.9375,-47.59307692,8.9375,-77.59307692,7.829787942,1.74057E-08,,,,
38:17.1,8.984375,-44.51538462,8.984375,-74.51538462,7.914755439,3.53559E-08,,,,
38:17.1,9.875,-45.74,9.875,-75.74,9.716279516,2.66686E-08,,,,
38:17.1,10.46875,-41.85923077,10.46875,-71.85923077,11.1397386,6.51744E-08,,,,
38:17.1,10.140625,-37.92,10.140625,-67.92,10.32910043,1.61436E-07,,,,
38:17.1,9.4375,-41.22142857,9.4375,-71.22142857,8.785166564,7.54844E-08,,,,
38:17.1,9.125,-37.758,9.125,-67.758,8.175230379,1.67571E-07,,,,
38:10.1,-41.828125,-68.8925,-41.828125,-98.8925,6.56429E-05,1.29048E-10,,,,
38:10.1,-42.984375,-70.02105263,-42.984375,-100.0210526,5.02994E-05,9.95164E-11,,,,
38:10.1,-43.1875,-70.25555556,-43.1875,-100.2555556,4.8001E-05,9.42854E-11,,,,
38:10.1,-42.421875,-69.50454545,-42.421875,-99.50454545,5.72549E-05,1.12084E-10,,,,
38:10.1,-44.34375,-71.43142857,-44.34375,-101.4314286,3.67811E-05,7.19212E-11,,,,
38:10.1,-40.75,-67.86875,-40.75,-97.86875,8.41395E-05,1.63352E-10,,,,
38:10.1,-40.65625,-67.75,-40.65625,-97.75,8.59756E-05,1.6788E-10,,,,
38:10.1,12.078125,-49.17368421,12.078125,-79.17368421,16.13661733,1.20957E-08,,,,
38:10.1,10.78125,-48.58095238,10.78125,-78.58095238,11.9708503,1.38645E-08,,,,
30:42.2,17.4375,-38.06,17.4375,-68.06,55.43065366,1.56315E-07,,,,
30:42.2,8.640625,-41.07428571,8.640625,-71.07428571,7.312443104,7.80857E-08,,,,
30:35.2,8.9375,-43.55294118,8.9375,-73.55294118,7.829787942,4.41272E-08,,,,
30:35.2,8.21875,-48.44090909,8.21875,-78.44090909,6.635520573,1.43189E-08,,,,
30:35.2,8.796875,-47.61538462,8.796875,-77.61538462,7.580319309,1.73166E-08,,,,
30:35.2,8.921875,-44.50769231,8.921875,-74.50769231,7.801668629,3.54185E-08,,,,
30:35.2,9.703125,-45.735,9.703125,-75.735,9.339260729,2.66993E-08,,,,
30:35.2,10.875,-41.83384615,10.875,-71.83384615,12.23207119,6.55564E-08,,,,
30:35.2,10.375,-37.91333333,10.375,-67.91333333,10.90184492,1.61684E-07,,,,
30:35.2,9.578125,-41.23571429,9.578125,-71.23571429,9.074286771,7.52365E-08,,,,
30:35.2,9.140625,-37.782,9.140625,-67.782,8.204696109,1.66648E-07,,,,
30:28.2,-41.828125,-68.8925,-41.828125,-98.8925,6.56429E-05,1.29048E-10,,,,
30:28.2,-42.984375,-70.02105263,-42.984375,-100.0210526,5.02994E-05,9.95164E-11,,,,
30:28.2,-43.1875,-70.25555556,-43.1875,-100.2555556,4.8001E-05,9.42854E-11,,,,
30:28.2,-42.421875,-69.50454545,-42.421875,-99.50454545,5.72549E-05,1.12084E-10,,,,
30:28.2,-44.34375,-71.43142857,-44.34375,-101.4314286,3.67811E-05,7.19212E-11,,,,
30:28.2,-40.75,-67.86875,-40.75,-97.86875,8.41395E-05,1.63352E-10,,,,
30:28.2,-40.65625,-67.75,-40.65625,-97.75,8.59756E-05,1.6788E-10,,,,
30:28.2,11.734375,-49.18947368,11.734375,-79.18947368,14.90862188,1.20518E-08,,,,
30:28.2,10.53125,-48.57619048,10.53125,-78.57619048,11.30121143,1.38797E-08,,,,
23:00.2,17.296875,-38.06,17.296875,-68.06,53.66455099,1.56315E-07,,,,
23:00.2,8.953125,-41.04214286,8.953125,-71.04214286,7.858008604,7.86658E-08,,,,
22:53.2,8.53125,-43.55294118,8.53125,-73.55294118,7.130582353,4.41272E-08,,,,
22:53.2,8.109375,-48.41818182,8.109375,-78.41818182,6.470494911,1.4394E-08,,,,
22:53.2,8.6875,-47.57230769,8.6875,-77.57230769,7.391796466,1.74892E-08,,,,
22:53.2,8.546875,-44.5,8.546875,-74.5,7.15628289,3.54813E-08,,,,
22:53.2,9.609375,-45.74,9.609375,-75.74,9.139816995,2.66686E-08,,,,
22:53.2,10.484375,-41.85923077,10.484375,-71.85923077,11.17988921,6.51744E-08,,,,
22:53.2,10.125,-37.90666667,10.125,-67.90666667,10.29200527,1.61932E-07,,,,
22:53.2,9.734375,-41.24285714,9.734375,-71.24285714,9.406704469,7.51129E-08,,,,
22:53.2,9.578125,-37.74,9.578125,-67.74,9.074286771,1.68267E-07,,,,
22:46.2,-41.828125,-68.8925,-41.828125,-98.8925,6.56429E-05,1.29048E-10,,,,
22:46.2,-42.984375,-70.02105263,-42.984375,-100.0210526,5.02994E-05,9.95164E-11,,,,
22:46.2,-43.1875,-70.25555556,-43.1875,-100.2555556,4.8001E-05,9.42854E-11,,,,
22:46.2,-42.421875,-69.50454545,-42.421875,-99.50454545,5.72549E-05,1.12084E-10,,,,
22:46.2,-44.34375,-71.43142857,-44.34375,-101.4314286,3.67811E-05,7.19212E-11,,,,
22:46.2,-40.75,-67.86875,-40.75,-97.86875,8.41395E-05,1.63352E-10,,,,
22:46.2,-40.65625,-67.75,-40.65625,-97.75,8.59756E-05,1.6788E-10,,,,
22:46.2,11.5625,-49.17368421,11.5625,-79.17368421,14.3301257,1.20957E-08,,,,
22:46.2,10.421875,-48.59047619,10.421875,-78.59047619,11.02014985,1.38341E-08,,,,
15:18.2,17.125,-38.07333333,17.125,-68.07333333,51.58221651,1.55836E-07,,,,
15:18.2,8.9375,-41.06142857,8.9375,-71.06142857,7.829787942,7.83172E-08,,,,
15:11.2,8.8125,-43.54117647,8.8125,-73.54117647,7.607640819,4.42468E-08,,,,
15:11.2,8.34375,-48.42727273,8.34375,-78.42727273,6.829281272,1.43639E-08,,,,
15:11.2,8.859375,-47.57923077,8.859375,-77.57923077,7.690197615,1.74613E-08,,,,
15:11.2,8.796875,-44.56153846,8.796875,-74.56153846,7.580319309,3.49821E-08,,,,
15:11.2,9.78125,-45.80526316,9.78125,-75.80526316,9.508784391,2.62708E-08,,,,
15:11.2,10.15625,-41.86769231,10.15625,-71.86769231,10.36632928,6.50475E-08,,,,
15:11.2,10.015625,-37.90666667,10.015625,-67.90666667,10.03604269,1.61932E-07,,,,
15:11.2,9.8125,-41.24285714,9.8125,-71.24285714,9.577452351,7.51129E-08,,,,
15:11.2,9.171875,-37.752,9.171875,-67.752,8.263946558,1.67803E-07,,,,
15:04.2,-41.828125,-68.8925,-41.828125,-98.8925,6.56429E-05,1.29048E-10,,,,
15:04.2,-42.984375,-70.02105263,-42.984375,-100.0210526,5.02994E-05,9.95164E-11,,,,
15:04.2,-43.1875,-70.25555556,-43.1875,-100.2555556,4.8001E-05,9.42854E-11,,,,
15:04.2,-42.421875,-69.50454545,-42.421875,-99.50454545,5.72549E-05,1.12084E-10,,,,
15:04.2,-44.34375,-71.43142857,-44.34375,-101.4314286,3.67811E-05,7.19212E-11,,,,
15:04.2,-40.75,-67.86875,-40.75,-97.86875,8.41395E-05,1.63352E-10,,,,
15:04.2,-40.65625,-67.75,-40.65625,-97.75,8.59756E-05,1.6788E-10,,,,
15:04.2,11.953125,-49.16842105,11.953125,-79.16842105,15.67878844,1.21104E-08,,,,
15:04.2,10.734375,-48.57142857,10.734375,-78.57142857,11.8423393,1.3895E-08,,,,
07:36.2,17.3125,-38.06,17.3125,-68.06,53.85797247,1.56315E-07,,,,
07:36.2,8.734375,-41.06142857,8.734375,-71.06142857,7.472010956,7.83172E-08,,,,
07:29.2,8.78125,-43.52941176,8.78125,-73.52941176,7.55309592,4.43669E-08,,,,
07:29.2,8.015625,-48.44090909,8.015625,-78.44090909,6.332314845,1.43189E-08,,,,
07:29.2,8.59375,-47.63076923,8.59375,-77.63076923,7.233941627,1.72553E-08,,,,
07:29.2,8.65625,-44.53846154,8.65625,-74.53846154,7.338799116,3.51685E-08,,,,
07:29.2,9.546875,-45.74,9.546875,-75.74,9.009226384,2.66686E-08,,,,
07:29.2,10.953125,-41.85923077,10.953125,-71.85923077,12.45410434,6.51744E-08,,,,
07:29.2,10.390625,-37.89375,10.390625,-67.89375,10.94113811,1.62415E-07,,,,
07:29.2,9.890625,-41.24285714,9.890625,-71.24285714,9.751299601,7.51129E-08,,,,
07:29.2,9.515625,-37.758,9.515625,-67.758,8.944632463,1.67571E-07,,,,
07:22.2,-41.828125,-68.8925,-41.828125,-98.8925,6.56429E-05,1.29048E-10,,,,
07:22.2,-42.984375,-70.02105263,-42.984375,-100.0210526,5.02994E-05,9.95164E-11,,,,
07:22.2,-43.1875,-70.25555556,-43.1875,-100.2555556,4.8001E-05,9.42854E-11,,,,
07:22.2,-42.421875,-69.50454545,-42.421875,-99.50454545,5.72549E-05,1.12084E-10,,,,
07:22.2,-44.34375,-71.43142857,-44.34375,-101.4314286,3.67811E-05,7.19212E-11,,,,
07:22.2,-40.75,-67.86875,-40.75,-97.86875,8.41395E-05,1.63352E-10,,,,
07:22.2,-40.65625,-67.75,-40.65625,-97.75,8.59756E-05,1.6788E-10,,,,
07:22.2,11.59375,-49.15789474,11.59375,-79.15789474,14.43361112,1.21398E-08,,,,
07:22.2,10.34375,-48.57619048,10.34375,-78.57619048,10.8236814,1.38797E-08,,,,
59:54.2,16.890625,-38.07333333,16.890625,-68.07333333,48.87226871,1.55836E-07,,,,
59:54.2,9.03125,-41.03571429,9.03125,-71.03571429,8.000644989,7.87823E-08,,,,
59:47.2,8.59375,-43.57058824,8.59375,-73.57058824,7.233941627,4.39482E-08,,,,
59:47.2,7.96875,-48.40909091,7.96875,-78.40909091,6.264335367,1.44242E-08,,,,
59:47.2,8.53125,-47.56538462,8.53125,-77.56538462,7.130582353,1.75171E-08,,,,
59:47.2,8.625,-44.53846154,8.625,-74.53846154,7.286181745,3.51685E-08,,,,
59:47.2,9.484375,-45.76,9.484375,-75.76,8.880501664,2.65461E-08,,,,
59:47.2,10.40625,-41.87615385,10.40625,-71.87615385,10.98057291,6.49209E-08,,,,
59:47.2,10.078125,-37.90666667,10.078125,-67.90666667,10.18151722,1.61932E-07,,,,
59:47.2,9.625,-41.24285714,9.625,-71.24285714,9.172759354,7.51129E-08,,,,
59:47.2,9.484375,-37.734,9.484375,-67.734,8.880501664,1.685E-07,,,,
59:40.2,-41.828125,-68.8925,-41.828125,-98.8925,6.56429E-05,1.29048E-10,,,,
59:40.2,-42.984375,-70.02105263,-42.984375,-100.0210526,5.02994E-05,9.95164E-11,,,,
59:40.2,-43.1875,-70.25555556,-43.1875,-100.2555556,4.8001E-05,9.42854E-11,,,,
59:40.2,-42.421875,-69.50454545,-42.421875,-99.50454545,5.72549E-05,1.12084E-10,,,,
59:40.2,-44.34375,-71.43142857,-44.34375,-101.4314286,3.67811E-05,7.19212E-11,,,,
59:40.2,-40.75,-67.86875,-40.75,-97.86875,8.41395E-05,1.63352E-10,,,,
59:40.2,-40.65625,-67.75,-40.65625,-97.75,8.59756E-05,1.6788E-10,,,,
59:40.2,11.4375,-49.16842105,11.4375,-79.16842105,13.92355068,1.21104E-08,,,,
59:40.2,10.1875,-48.57619048,10.1875,-78.57619048,10.44119003,1.38797E-08,,,,
52:12.2,17.296875,-38.05333333,17.296875,-68.05333333,53.66455099,1.56555E-07,,,,
52:12.2,8.8125,-41.04857143,8.8125,-71.04857143,7.607640819,7.85494E-08,,,,
52:05.2,8.875,-43.53529412,8.875,-73.53529412,7.717915156,4.43068E-08,,,,
52:05.2,8.84375,-48.40909091,8.84375,-78.40909091,7.662579617,1.44242E-08,,,,
52:05.2,9.34375,-47.58615385,9.34375,-77.58615385,8.597555737,1.74335E-08,,,,
52:05.2,8.875,-44.51538462,8.875,-74.51538462,7.717915156,3.53559E-08,,,,
52:05.2,10.390625,-45.715,10.390625,-75.715,10.94113811,2.68225E-08,,,,
52:05.2,10.484375,-41.84230769,10.484375,-71.84230769,11.17988921,6.54288E-08,,,,
52:05.2,10.28125,-37.91333333,10.28125,-67.91333333,10.66903156,1.61684E-07,,,,
52:05.2,9.515625,-41.26428571,9.515625,-71.26428571,8.944632463,7.47432E-08,,,,
52:05.2,9.125,-37.752,9.125,-67.752,8.175230379,1.67803E-07,,,,
51:58.2,-41.828125,-68.8925,-41.828125,-98.8925,6.56429E-05,1.29048E-10,,,,
51:58.2,-42.984375,-70.02105263,-42.984375,-100.0210526,5.02994E-05,9.95164E-11,,,,
51:58.2,-43.1875,-70.25555556,-43.1875,-100.2555556,4.8001E-05,9.42854E-11,,,,
51:58.2,-42.421875,-69.50454545,-42.421875,-99.50454545,5.72549E-05,1.12084E-10,,,,
51:58.2,-44.34375,-71.43142857,-44.34375,-101.4314286,3.67811E-05,7.19212E-11,,,,
51:58.2,-40.75,-67.86875,-40.75,-97.86875,8.41395E-05,1.63352E-10,,,,
51:58.2,-40.65625,-67.75,-40.65625,-97.75,8.59756E-05,1.6788E-10,,,,
51:58.2,12.421875,-49.18421053,12.421875,-79.18421053,17.46576048,1.20664E-08,,,,
51:58.2,11.0625,-48.59047619,11.0625,-78.59047619,12.77173798,1.38341E-08,,,,
44:30.2,17,-38.06,17,-68.06,50.11872336,1.56315E-07,,,,
44:30.2,8.703125,-41.02928571,8.703125,-71.02928571,7.418438489,7.8899E-08,,,,
44:23.2,8.890625,-43.54117647,8.890625,-73.54117647,7.745732598,4.42468E-08,,,,
44:23.2,7.859375,-48.43181818,7.859375,-78.43181818,6.108541096,1.43489E-08,,,,
44:23.2,8.46875,-47.57923077,8.46875,-77.57923077,7.028699885,1.74613E-08,,,,
44:23.2,8.828125,-44.52307692,8.828125,-74.52307692,7.635060803,3.52933E-08,,,,
44:23.2,9.390625,-45.735,9.390625,-75.735,8.690854917,2.66993E-08,,,,
44:23.2,9.8125,-41.86769231,9.8125,-71.86769231,9.577452351,6.50475E-08,,,,
44:23.2,10.03125,-37.92,10.03125,-67.92,10.07221529,1.61436E-07,,,,
44:23.2,9.40625,-41.25714286,9.40625,-71.25714286,8.722179097,7.48662E-08,,,,
44:23.2,9.0625,-37.734,9.0625,-67.734,8.058421878,1.685E-07,,,,
44:16.2,-41.828125,-68.8925,-41.828125,-98.8925,6.56429E-05,1.29048E-10,,,,
44:16.2,-42.984375,-70.02105263,-42.984375,-100.0210526,5.02994E-05,9.95164E-11,,,,
44:16.2,-43.1875,-70.25555556,-43.1875,-100.2555556,4.8001E-05,9.42854E-11,,,,
44:16.2,-42.421875,-69.50454545,-42.421875,-99.50454545,5.72549E-05,1.12084E-10,,,,
44:16.2,-44.34375,-71.43142857,-44.34375,-101.4314286,3.67811E-05,7.19212E-11,,,,
44:16.2,-40.75,-67.86875,-40.75,-97.86875,8.41395E-05,1.63352E-10,,,,
44:16.2,-40.65625,-67.75,-40.65625,-97.75,8.59756E-05,1.6788E-10,,,,
44:16.2,11.453125,-49.18421053,11.453125,-79.18421053,13.9737349,1.20664E-08,,,,
44:16.2,10.1875,-48.57142857,10.1875,-78.57142857,10.44119003,1.3895E-08,,,,
36:48.2,17.078125,-38.06,17.078125,-68.06,51.02846448,1.56315E-07,,,,
36:48.2,8.90625,-41.04857143,8.90625,-71.04857143,7.773650302,7.85494E-08,,,,
36:41.2,8.421875,-43.57058824,8.421875,-73.57058824,6.953244485,4.39482E-08,,,,
36:41.2,8.546875,-48.45909091,8.546875,-78.45909091,7.15628289,1.42591E-08,,,,
36:41.2,9.09375,-47.60769231,9.09375,-77.60769231,8.116616003,1.73473E-08,,,,
36:41.2,8.421875,-44.55384615,8.421875,-74.55384615,6.953244485,3.50441E-08,,,,
36:41.2,10.03125,-45.77,10.03125,-75.77,10.07221529,2.6485E-08,,,,
36:41.2,10.078125,-41.87615385,10.078125,-71.87615385,10.18151722,6.49209E-08,,,,
36:41.2,9.96875,-37.92,9.96875,-67.92,9.928302478,1.61436E-07,,,,
36:41.2,9.625,-41.24285714,9.625,-71.24285714,9.172759354,7.51129E-08,,,,
36:41.2,9.234375,-37.758,9.234375,-67.758,8.383734183,1.67571E-07,,,,
36:34.2,-41.828125,-68.8925,-41.828125,-98.8925,6.56429E-05,1.29048E-10,,,,
36:34.2,-42.984375,-70.02105263,-42.984375,-100.0210526,5.02994E-05,9.95164E-11,,,,
36:34.2,-43.1875,-70.25555556,-43.1875,-100.2555556,4.8001E-05,9.42854E-11,,,,
36:34.2,-42.421875,-69.50454545,-42.421875,-99.50454545,5.72549E-05,1.12084E-10,,,,
36:34.2,-44.34375,-71.43142857,-44.34375,-101.4314286,3.67811E-05,7.19212E-11,,,,
36:34.2,-40.75,-67.86875,-40.75,-97.86875,8.41395E-05,1.63352E-10,,,,
36:34.2,-40.65625,-67.75,-40.65625,-97.75,8.59756E-05,1.6788E-10,,,,
36:34.2,11.96875,-49.17894737,11.96875,-79.17894737,15.73529901,1.20811E-08,,,,
36:34.2,10.75,-48.58571429,10.75,-78.58571429,11.88502227,1.38493E-08,,,,
29:06.2,16.84375,-38.07333333,16.84375,-68.07333333,48.34760887,1.55836E-07,,,,
29:06.2,8.734375,-41.055,8.734375,-71.055,7.472010956,7.84332E-08,,,,
28:59.2,8.828125,-43.54705882,8.828125,-73.54705882,7.635060803,4.4187E-08,,,,
28:59.2,8.5625,-48.42272727,8.5625,-78.42272727,7.182076058,1.4379E-08,,,,
28:59.2,9.125,-47.58615385,9.125,-77.58615385,8.175230379,1.74335E-08,,,,
28:59.2,8.8125,-44.50769231,8.8125,-74.50769231,7.607640819,3.54185E-08,,,,
28:59.2,10.046875,-45.78,10.046875,-75.78,10.10851826,2.64241E-08,,,,
28:59.2,9.875,-41.87615385,9.875,-71.87615385,9.716279516,6.49209E-08,,,,
28:59.2,10.203125,-37.90666667,10.203125,-67.90666667,10.47882289,1.61932E-07,,,,
28:59.2,9.5625,-41.24285714,9.5625,-71.24285714,9.041698059,7.51129E-08,,,,
28:59.2,8.890625,-37.746,8.890625,-67.746,7.745732598,1.68035E-07,,,,
28:52.2,-41.828125,-68.8925,-41.828125,-98.8925,6.56429E-05,1.29048E-10,,,,
28:52.2,-42.984375,-70.02105263,-42.984375,-100.0210526,5.02994E-05,9.95164E-11,,,,
28:52.2,-43.1875,-70.25555556,-43.1875,-100.2555556,4.8001E-05,9.42854E-11,,,,
28:52.2,-42.421875,-69.50454545,-42.421875,-99.50454545,5.72549E-05,1.12084E-10,,,,
28:52.2,-44.34375,-71.43142857,-44.34375,-101.4314286,3.67811E-05,7.19212E-11,,,,
28:52.2,-40.75,-67.86875,-40.75,-97.86875,8.41395E-05,1.63352E-10,,,,
28:52.2,-40.65625,-67.75,-40.65625,-97.75,8.59756E-05,1.6788E-10,,,,
28:52.2,12.03125,-49.14736842,12.03125,-79.14736842,15.96338544,1.21692E-08,,,,
28:52.2,10.765625,-48.55714286,10.765625,-78.55714286,11.92785909,1.39407E-08,,,,
21:24.2,16.90625,-38.06666667,16.90625,-68.06666667,49.04841752,1.56075E-07,,,,
21:24.2,8.65625,-41.04214286,8.65625,-71.04214286,7.338799116,7.86658E-08,,,,
21:17.2,8.859375,-43.55882353,8.859375,-73.55882353,7.690197615,4.40674E-08,,,,
21:17.2,8.203125,-48.36818182,8.203125,-78.36818182,6.611690262,1.45607E-08,,,,
21:17.2,8.71875,-47.57923077,8.71875,-77.57923077,7.445176537,1.74613E-08,,,,
21:17.2,8.78125,-44.53076923,8.78125,-74.53076923,7.55309592,3.52308E-08,,,,
21:17.2,9.6875,-45.735,9.6875,-75.735,9.305720409,2.66993E-08,,,,
21:17.2,10,-41.87615385,10,-71.87615385,10,6.49209E-08,,,,
21:17.2,9.8125,-37.90666667,9.8125,-67.90666667,9.577452351,1.61932E-07,,,,
21:17.2,9.046875,-41.24285714,9.046875,-71.24285714,8.029481466,7.51129E-08,,,,
21:17.2,9.03125,-37.74,9.03125,-67.74,8.000644989,1.68267E-07,,,,
21:10.2,-41.828125,-68.8925,-41.828125,-98.8925,6.56429E-05,1.29048E-10,,,,
21:10.2,-42.984375,-70.02105263,-42.984375,-100.0210526,5.02994E-05,9.95164E-11,,,,
21:10.2,-43.1875,-70.25555556,-43.1875,-100.2555556,4.8001E-05,9.42854E-11,,,,
21:10.2,-42.421875,-69.50454545,-42.421875,-99.50454545,5.72549E-05,1.12084E-10,,,,
21:10.2,-44.34375,-71.43142857,-44.34375,-101.4314286,3.67811E-05,7.19212E-11,,,,
21:10.2,-40.75,-67.86875,-40.75,-97.86875,8.41395E-05,1.63352E-10,,,,
21:10.2,-40.65625,-67.75,-40.65625,-97.75,8.59756E-05,1.6788E-10,,,,
21:10.2,11.546875,-49.14210526,11.546875,-79.14210526,14.27866156,1.2184E-08,,,,
21:10.2,10.34375,-48.56666667,10.34375,-78.56666667,10.8236814,1.39102E-08,,,,
13:42.2,16.828125,-38.06666667,16.828125,-68.06666667,48.17397689,1.56075E-07,,,,
13:42.2,8.875,-41.06785714,8.875,-71.06785714,7.717915156,7.82014E-08,,,,
13:35.2,8.171875,-43.54117647,8.171875,-73.54117647,6.564286081,4.42468E-08,,,,
13:35.2,8.5625,-48.4,8.5625,-78.4,7.182076058,1.44544E-08,,,,
13:35.2,9.0625,-47.62307692,9.0625,-77.62307692,8.058421878,1.72859E-08,,,,
13:35.2,8.1875,-44.5,8.1875,-74.5,6.587945534,3.54813E-08,,,,
13:35.2,10.046875,-45.775,10.046875,-75.775,10.10851826,2.64545E-08,,,,
13:35.2,10,-41.87615385,10,-71.87615385,10,6.49209E-08,,,,
13:35.2,9.75,-37.92666667,9.75,-67.92666667,9.440608763,1.61188E-07,,,,
13:35.2,9.515625,-41.25,9.515625,-71.25,8.944632463,7.49894E-08,,,,
13:35.2,8.953125,-37.758,8.953125,-67.758,7.858008604,1.67571E-07,,,,
13:28.2,-41.828125,-68.8925,-41.828125,-98.8925,6.56429E-05,1.29048E-10,,,,
13:28.2,-42.984375,-70.02105263,-42.984375,-100.0210526,5.02994E-05,9.95164E-11,,,,
13:28.2,-43.1875,-70.25555556,-43.1875,-100.2555556,4.8001E-05,9.42854E-11,,,,
13:28.2,-42.421875,-69.50454545,-42.421875,-99.50454545,5.72549E-05,1.12084E-10,,,,
13:28.2,-44.34375,-71.43142857,-44.34375,-101.4314286,3.67811E-05,7.19212E-11,,,,
13:28.2,-40.75,-67.86875,-40.75,-97.86875,8.41395E-05,1.63352E-10,,,,
13:28.2,-40.65625,-67.75,-40.65625,-97.75,8.59756E-05,1.6788E-10,,,,
13:28.2,12.078125,-49.13684211,12.078125,-79.13684211,16.13661733,1.21988E-08,,,,
13:28.2,10.875,-48.55238095,10.875,-78.55238095,12.23207119,1.3956E-08,,,,
06:00.2,16.84375,-38.05333333,16.84375,-68.05333333,48.34760887,1.56555E-07,,,,
06:00.2,8.578125,-41.06142857,8.578125,-71.06142857,7.207962193,7.83172E-08,,,,
05:53.2,8.671875,-43.53529412,8.671875,-73.53529412,7.365250123,4.43068E-08,,,,
05:53.2,8.1875,-48.45909091,8.1875,-78.45909091,6.587945534,1.42591E-08,,,,
05:53.2,8.78125,-47.61538462,8.78125,-77.61538462,7.55309592,1.73166E-08,,,,
05:53.2,8.625,-44.47230769,8.625,-74.47230769,7.286181745,3.57083E-08,,,,
05:53.2,9.6875,-45.74,9.6875,-75.74,9.305720409,2.66686E-08,,,,
05:53.2,10,-41.88461538,10,-71.88461538,10,6.47945E-08,,,,
05:53.2,9.890625,-37.92,9.890625,-67.92,9.751299601,1.61436E-07,,,,
05:53.2,9.34375,-41.22857143,9.34375,-71.22857143,8.597555737,7.53603E-08,,,,
05:53.2,8.796875,-37.758,8.796875,-67.758,7.580319309,1.67571E-07,,,,
05:46.2,-41.828125,-68.8925,-41.828125,-98.8925,6.56429E-05,1.29048E-10,24.49075438,2.69345E-08,13.89002163,-75.69691121
05:46.2,-42.984375,-70.02105263,-42.984375,-100.0210526,5.02994E-05,9.95164E-11,,,,
05:46.2,-43.1875,-70.25555556,-43.1875,-100.2555556,4.8001E-05,9.42854E-11,,,,
05:46.2,-42.421875,-69.50454545,-42.421875,-99.50454545,5.72549E-05,1.12084E-10,,,,
05:46.2,-44.34375,-71.43142857,-44.34375,-101.4314286,3.67811E-05,7.19212E-11,,,,
05:46.2,-40.75,-67.86875,-40.75,-97.86875,8.41395E-05,1.63352E-10,,,,
05:46.2,-40.65625,-67.75,-40.65625,-97.75,8.59756E-05,1.6788E-10,,,,
05:46.2,11.453125,-49.16315789,11.453125,-79.16315789,13.9737349,1.21251E-08,,,,
05:46.2,10.21875,-48.54761905,10.21875,-78.54761905,10.51659138,1.39713E-08,,,,
